Site,Site2,Month,Order2,PlantSpecies,Blooms,Date,Count,countabun,abuncount1,logabuncount1,Color,Range,Blooms2,Count2
Boyd,Site 2,JulyAugust,15,Butterfly milkweed,1,7/2/2020,3,3,4,0.602059991,Orange,Native,1,3
Boyd,Site 2,JulyAugust,15,Butterfly milkweed,1,7/22/2020,0,0,1,0,Orange,Native,1,0
Boyd,Site 2,JulyAugust,15,Butterfly milkweed,1,8/2/2020,0,0,1,0,Orange,Native,1,0
Jesse,Site 3,JulyAugust,15,Butterfly milkweed,13,7/6/2020,14,1.076923077,2.076923077,0.317420412,Orange,Native,13,14
Jesse,Site 3,JulyAugust,15,Butterfly milkweed,13,7/17/2020,5,0.384615385,1.384615385,0.141329153,Orange,Native,13,5
Jesse,Site 3,JulyAugust,15,Butterfly milkweed,13,7/28/2020,3,0.230769231,1.230769231,0.09017663,Orange,Native,13,3
Jesse,Site 3,JulyAugust,15,Butterfly milkweed,13,8/7/2020,18,1.384615385,2.384615385,0.377418342,Orange,Native,13,18
Jesse,Site 3,JulyAugust,15,Butterfly milkweed,13,8/14/2020,32,2.461538462,3.461538462,0.539269161,Orange,Native,13,32
Jesse,Site 3,JulyAugust,15,Butterfly milkweed,13,8/29/2020,0,0,1,0,Orange,Native,13,0
Uthe,Site 4,JulyAugust,15,Butterfly milkweed,1,7/2/2020,1,1,2,0.301029996,Orange,Native,1,1
Uthe,Site 4,JulyAugust,15,Butterfly milkweed,1,7/12/2020,0,0,1,0,Orange,Native,1,0
Uthe,Site 4,JulyAugust,15,Butterfly milkweed,1,7/22/2020,0,0,1,0,Orange,Native,1,0
Uthe,Site 4,JulyAugust,15,Butterfly milkweed,1,8/2/2020,0,0,1,0,Orange,Native,1,0
Uthe,Site 4,JulyAugust,15,Butterfly milkweed,1,8/22/2020,0,0,1,0,Orange,Native,1,0
Uthe,Site 4,JulyAugust,15,Butterfly milkweed,1,8/29/2020,0,0,1,0,Orange,Native,1,0
GM,Site 5,July,15,Butterfly milkweed,0.142857143,7/2/2019,0,0,1,0,Orange,Native,0.142857143,0
GM,Site 5,July,15,Butterfly milkweed,0.142857143,7/17/2019,0,0,1,0,Orange,Native,0.142857143,0
GM,Site 5,July,15,Butterfly milkweed,0.142857143,7/18/2019,0,0,1,0,Orange,Native,0.142857143,0
GM,Site 5,July,15,Butterfly milkweed,0.142857143,7/20/2019,0,0,1,0,Orange,Native,0.142857143,0
GM,Site 5,July,15,Butterfly milkweed,0.142857143,7/24/2019,0,0,1,0,Orange,Native,0.142857143,0
GM,Site 5,July,15,Butterfly milkweed,0.142857143,7/25/2019,0,0,1,0,Orange,Native,0.142857143,0
GM,Site 5,July,15,Butterfly milkweed,0.142857143,7/27/2019,0,0,1,0,Orange,Native,0.142857143,0
GM,Site 5,July,15,Butterfly milkweed,0.142857143,7/28/2019,0,0,1,0,Orange,Native,0.142857143,0
GM,Site 5,July,15,Butterfly milkweed,0.142857143,8/3/2019,0,0,1,0,Orange,Native,0.142857143,0
GM,Site 5,July,15,Butterfly milkweed,0.142857143,8/4/2019,0,0,1,0,Orange,Native,0.142857143,0
GM,Site 5,July,15,Butterfly milkweed,0.142857143,8/5/2019,3,20.99999998,21.99999998,1.34242268,Orange,Native,0.142857143,3
GM,Site 5,July,15,Butterfly milkweed,0.142857143,8/6/2019,0,0,1,0,Orange,Native,0.142857143,0
GM,Site 5,July,15,Butterfly milkweed,0.142857143,8/7/2019,0,0,1,0,Orange,Native,0.142857143,0
GM,Site 5,July,15,Butterfly milkweed,0.142857143,8/8/2019,0,0,1,0,Orange,Native,0.142857143,0
GM,Site 5,July,15,Butterfly milkweed,0.142857143,8/9/2019,0,0,1,0,Orange,Native,0.142857143,0
GM,Site 5,July,17,Common milkweed,31.14285714,7/2/2019,5,0.160550459,1.160550459,0.064664028,Pink,Native,31.14285714,5
GM,Site 5,July,17,Common milkweed,31.14285714,7/17/2019,0,0,1,0,Pink,Native,31.14285714,0
GM,Site 5,July,17,Common milkweed,31.14285714,7/18/2019,0,0,1,0,Pink,Native,31.14285714,0
GM,Site 5,July,17,Common milkweed,31.14285714,7/20/2019,0,0,1,0,Pink,Native,31.14285714,0
GM,Site 5,July,17,Common milkweed,31.14285714,7/24/2019,0,0,1,0,Pink,Native,31.14285714,0
GM,Site 5,July,17,Common milkweed,31.14285714,7/25/2019,0,0,1,0,Pink,Native,31.14285714,0
GM,Site 5,July,17,Common milkweed,31.14285714,7/27/2019,0,0,1,0,Pink,Native,31.14285714,0
GM,Site 5,July,17,Common milkweed,31.14285714,7/28/2019,1,0.032110092,1.032110092,0.013726025,Pink,Native,31.14285714,1
GM,Site 5,July,17,Common milkweed,31.14285714,8/3/2019,0,0,1,0,Pink,Native,31.14285714,0
GM,Site 5,July,17,Common milkweed,31.14285714,8/4/2019,0,0,1,0,Pink,Native,31.14285714,0
GM,Site 5,July,17,Common milkweed,31.14285714,8/5/2019,12,0.385321101,1.385321101,0.141550449,Pink,Native,31.14285714,12
GM,Site 5,July,17,Common milkweed,31.14285714,8/6/2019,14,0.449541284,1.449541284,0.161230589,Pink,Native,31.14285714,14
GM,Site 5,July,17,Common milkweed,31.14285714,8/7/2019,20,0.642201835,1.642201835,0.215426533,Pink,Native,31.14285714,20
GM,Site 5,July,17,Common milkweed,31.14285714,8/8/2019,0,0,1,0,Pink,Native,31.14285714,0
GM,Site 5,July,17,Common milkweed,31.14285714,8/9/2019,0,0,1,0,Pink,Native,31.14285714,0
Uthe,Site 4,JulyAugust,17,Common milkweed,1,7/2/2020,11,11,12,1.079181246,Pink,Native,1,11
Uthe,Site 4,JulyAugust,17,Common milkweed,1,7/12/2020,1,1,2,0.301029996,Pink,Native,1,1
Uthe,Site 4,JulyAugust,17,Common milkweed,1,7/22/2020,0,0,1,0,Pink,Native,1,0
Uthe,Site 4,JulyAugust,17,Common milkweed,1,8/2/2020,0,0,1,0,Pink,Native,1,0
Uthe,Site 4,JulyAugust,17,Common milkweed,1,8/22/2020,0,0,1,0,Pink,Native,1,0
Uthe,Site 4,JulyAugust,17,Common milkweed,1,8/29/2020,0,0,1,0,Pink,Native,1,0
GM,Site 5,July,33,Swamp milkweed,0.214285714,7/2/2019,0,0,1,0,Pink,Native,0.214285714,0
GM,Site 5,July,33,Swamp milkweed,0.214285714,7/17/2019,0,0,1,0,Pink,Native,0.214285714,0
GM,Site 5,July,33,Swamp milkweed,0.214285714,7/18/2019,0,0,1,0,Pink,Native,0.214285714,0
GM,Site 5,July,33,Swamp milkweed,0.214285714,7/20/2019,0,0,1,0,Pink,Native,0.214285714,0
GM,Site 5,July,33,Swamp milkweed,0.214285714,7/24/2019,0,0,1,0,Pink,Native,0.214285714,0
GM,Site 5,July,33,Swamp milkweed,0.214285714,7/25/2019,0,0,1,0,Pink,Native,0.214285714,0
GM,Site 5,July,33,Swamp milkweed,0.214285714,7/27/2019,2,9.333333346,10.33333335,1.01424044,Pink,Native,0.214285714,2
GM,Site 5,July,33,Swamp milkweed,0.214285714,7/28/2019,0,0,1,0,Pink,Native,0.214285714,0
GM,Site 5,July,33,Swamp milkweed,0.214285714,8/3/2019,0,0,1,0,Pink,Native,0.214285714,0
GM,Site 5,July,33,Swamp milkweed,0.214285714,8/4/2019,0,0,1,0,Pink,Native,0.214285714,0
GM,Site 5,July,33,Swamp milkweed,0.214285714,8/5/2019,0,0,1,0,Pink,Native,0.214285714,0
GM,Site 5,July,33,Swamp milkweed,0.214285714,8/6/2019,0,0,1,0,Pink,Native,0.214285714,0
GM,Site 5,July,33,Swamp milkweed,0.214285714,8/7/2019,0,0,1,0,Pink,Native,0.214285714,0
GM,Site 5,July,33,Swamp milkweed,0.214285714,8/8/2019,0,0,1,0,Pink,Native,0.214285714,0
GM,Site 5,July,33,Swamp milkweed,0.214285714,8/9/2019,0,0,1,0,Pink,Native,0.214285714,0
Boyd,Site 2,JulyAugust,17,Common milkweed,1,7/2/2020,1,1,2,0.301029996,Pink,Native,1,1
Boyd,Site 2,JulyAugust,17,Common milkweed,1,7/22/2020,0,0,1,0,Pink,Native,1,0
Boyd,Site 2,JulyAugust,17,Common milkweed,1,8/2/2020,0,0,1,0,Pink,Native,1,0
Jesse,Site 3,JulyAugust,31,Showy ticktrefoil,30,7/6/2020,0,0,1,0,Pink,Native,30,0
Jesse,Site 3,JulyAugust,31,Showy ticktrefoil,30,7/17/2020,0,0,1,0,Pink,Native,30,0
Jesse,Site 3,JulyAugust,31,Showy ticktrefoil,30,7/28/2020,0,0,1,0,Pink,Native,30,0
Jesse,Site 3,JulyAugust,31,Showy ticktrefoil,30,8/7/2020,0,0,1,0,Pink,Native,30,0
Jesse,Site 3,JulyAugust,31,Showy ticktrefoil,30,8/14/2020,0,0,1,0,Pink,Native,30,0
Jesse,Site 3,JulyAugust,31,Showy ticktrefoil,30,8/29/2020,0,0,1,0,Pink,Native,30,0
Uthe,Site 4,JulyAugust,21,Hoary vervain,2.5,7/2/2020,0,0,1,0,Purple,Native,2.5,0
Uthe,Site 4,JulyAugust,21,Hoary vervain,2.5,7/12/2020,0,0,1,0,Purple,Native,2.5,0
Uthe,Site 4,JulyAugust,21,Hoary vervain,2.5,7/22/2020,1,0.4,1.4,0.146128036,Purple,Native,2.5,1
Uthe,Site 4,JulyAugust,21,Hoary vervain,2.5,8/2/2020,0,0,1,0,Purple,Native,2.5,0
Uthe,Site 4,JulyAugust,21,Hoary vervain,2.5,8/22/2020,0,0,1,0,Purple,Native,2.5,0
Uthe,Site 4,JulyAugust,21,Hoary vervain,2.5,8/29/2020,0,0,1,0,Purple,Native,2.5,0
GM,Site 5,July,27,Swamp smartweed,8.857142857,7/2/2019,0,0,1,0,Pink,Native,8.857142857,0
GM,Site 5,July,27,Swamp smartweed,8.857142857,7/17/2019,0,0,1,0,Pink,Native,8.857142857,0
GM,Site 5,July,27,Swamp smartweed,8.857142857,7/18/2019,0,0,1,0,Pink,Native,8.857142857,0
GM,Site 5,July,27,Swamp smartweed,8.857142857,7/20/2019,0,0,1,0,Pink,Native,8.857142857,0
GM,Site 5,July,27,Swamp smartweed,8.857142857,7/24/2019,0,0,1,0,Pink,Native,8.857142857,0
GM,Site 5,July,27,Swamp smartweed,8.857142857,7/25/2019,0,0,1,0,Pink,Native,8.857142857,0
GM,Site 5,July,27,Swamp smartweed,8.857142857,7/27/2019,0,0,1,0,Pink,Native,8.857142857,0
GM,Site 5,July,27,Swamp smartweed,8.857142857,7/28/2019,0,0,1,0,Pink,Native,8.857142857,0
GM,Site 5,July,27,Swamp smartweed,8.857142857,8/3/2019,0,0,1,0,Pink,Native,8.857142857,0
GM,Site 5,July,27,Swamp smartweed,8.857142857,8/4/2019,0,0,1,0,Pink,Native,8.857142857,0
GM,Site 5,July,27,Swamp smartweed,8.857142857,8/5/2019,0,0,1,0,Pink,Native,8.857142857,0
GM,Site 5,July,27,Swamp smartweed,8.857142857,8/6/2019,0,0,1,0,Pink,Native,8.857142857,0
GM,Site 5,July,27,Swamp smartweed,8.857142857,8/7/2019,0,0,1,0,Pink,Native,8.857142857,0
GM,Site 5,July,27,Swamp smartweed,8.857142857,8/8/2019,0,0,1,0,Pink,Native,8.857142857,0
GM,Site 5,July,27,Swamp smartweed,8.857142857,8/9/2019,0,0,1,0,Pink,Native,8.857142857,0
AD,Site 6,July,15,Butterfly milkweed,1,6/24/2020,1,1,2,0.301029996,Orange,Native,1,1
AD,Site 6,July,15,Butterfly milkweed,1,6/29/2020,0,0,1,0,Orange,Native,1,0
AD,Site 6,July,15,Butterfly milkweed,1,6/30/2020,3,3,4,0.602059991,Orange,Native,1,3
AD,Site 6,July,15,Butterfly milkweed,1,7/13/2020,1,1,2,0.301029996,Orange,Native,1,1
AD,Site 6,July,15,Butterfly milkweed,1,7/16/2020,2,2,3,0.477121255,Orange,Native,1,2
AD,Site 6,July,15,Butterfly milkweed,1,7/19/2020,1,1,2,0.301029996,Orange,Native,1,1
AD,Site 6,July,15,Butterfly milkweed,1,7/24/2020,0,0,1,0,Orange,Native,1,0
AD,Site 6,July,15,Butterfly milkweed,1,7/27/2020,0,0,1,0,Orange,Native,1,0
AD,Site 6,July,15,Butterfly milkweed,1,7/29/2020,1,1,2,0.301029996,Orange,Native,1,1
AD,Site 6,July,15,Butterfly milkweed,1,8/1/2020,0,0,1,0,Orange,Native,1,0
AD,Site 6,July,15,Butterfly milkweed,1,8/4/2020,0,0,1,0,Orange,Native,1,0
GM,Site 5,July,21,Hoary vervain,0.071428571,7/2/2019,0,0,1,0,Purple,Native,0.071428571,0
GM,Site 5,July,21,Hoary vervain,0.071428571,7/17/2019,0,0,1,0,Purple,Native,0.071428571,0
GM,Site 5,July,21,Hoary vervain,0.071428571,7/18/2019,0,0,1,0,Purple,Native,0.071428571,0
GM,Site 5,July,21,Hoary vervain,0.071428571,7/20/2019,0,0,1,0,Purple,Native,0.071428571,0
GM,Site 5,July,21,Hoary vervain,0.071428571,7/24/2019,0,0,1,0,Purple,Native,0.071428571,0
GM,Site 5,July,21,Hoary vervain,0.071428571,7/25/2019,0,0,1,0,Purple,Native,0.071428571,0
GM,Site 5,July,21,Hoary vervain,0.071428571,7/27/2019,0,0,1,0,Purple,Native,0.071428571,0
GM,Site 5,July,21,Hoary vervain,0.071428571,7/28/2019,0,0,1,0,Purple,Native,0.071428571,0
GM,Site 5,July,21,Hoary vervain,0.071428571,8/3/2019,0,0,1,0,Purple,Native,0.071428571,0
GM,Site 5,July,21,Hoary vervain,0.071428571,8/4/2019,0,0,1,0,Purple,Native,0.071428571,0
GM,Site 5,July,21,Hoary vervain,0.071428571,8/5/2019,0,0,1,0,Purple,Native,0.071428571,0
GM,Site 5,July,21,Hoary vervain,0.071428571,8/6/2019,0,0,1,0,Purple,Native,0.071428571,0
GM,Site 5,July,21,Hoary vervain,0.071428571,8/7/2019,0,0,1,0,Purple,Native,0.071428571,0
GM,Site 5,July,21,Hoary vervain,0.071428571,8/8/2019,1,14.00000008,15.00000008,1.176091261,Purple,Native,0.071428571,1
GM,Site 5,July,21,Hoary vervain,0.071428571,8/9/2019,0,0,1,0,Purple,Native,0.071428571,0
Boyd,Site 2,JulyAugust,21,Hoary vervain,1,7/2/2020,0,0,1,0,Purple,Native,1,0
Boyd,Site 2,JulyAugust,21,Hoary vervain,1,7/22/2020,0,0,1,0,Purple,Native,1,0
Boyd,Site 2,JulyAugust,21,Hoary vervain,1,8/2/2020,0,0,1,0,Purple,Native,1,0
GM,Site 5,July,14,Pale purple coneflower,0.714285714,7/2/2019,0,0,1,0,Purple,Native,0.714285714,0
GM,Site 5,July,14,Pale purple coneflower,0.714285714,7/17/2019,0,0,1,0,Purple,Native,0.714285714,0
GM,Site 5,July,14,Pale purple coneflower,0.714285714,7/18/2019,0,0,1,0,Purple,Native,0.714285714,0
GM,Site 5,July,14,Pale purple coneflower,0.714285714,7/20/2019,0,0,1,0,Purple,Native,0.714285714,0
GM,Site 5,July,14,Pale purple coneflower,0.714285714,7/24/2019,0,0,1,0,Purple,Native,0.714285714,0
GM,Site 5,July,14,Pale purple coneflower,0.714285714,7/25/2019,0,0,1,0,Purple,Native,0.714285714,0
GM,Site 5,July,14,Pale purple coneflower,0.714285714,7/27/2019,0,0,1,0,Purple,Native,0.714285714,0
GM,Site 5,July,14,Pale purple coneflower,0.714285714,7/28/2019,0,0,1,0,Purple,Native,0.714285714,0
GM,Site 5,July,14,Pale purple coneflower,0.714285714,8/3/2019,0,0,1,0,Purple,Native,0.714285714,0
GM,Site 5,July,14,Pale purple coneflower,0.714285714,8/4/2019,1,1.400000001,2.400000001,0.380211242,Purple,Native,0.714285714,1
GM,Site 5,July,14,Pale purple coneflower,0.714285714,8/5/2019,0,0,1,0,Purple,Native,0.714285714,0
GM,Site 5,July,14,Pale purple coneflower,0.714285714,8/6/2019,0,0,1,0,Purple,Native,0.714285714,0
GM,Site 5,July,14,Pale purple coneflower,0.714285714,8/7/2019,0,0,1,0,Purple,Native,0.714285714,0
GM,Site 5,July,14,Pale purple coneflower,0.714285714,8/8/2019,0,0,1,0,Purple,Native,0.714285714,0
GM,Site 5,July,14,Pale purple coneflower,0.714285714,8/9/2019,0,0,1,0,Purple,Native,0.714285714,0
Jesse,Site 3,JulyAugust,20,Deptford pink,3,7/6/2020,0,0,1,0,Pink,Non-Native,3,0
Jesse,Site 3,JulyAugust,20,Deptford pink,3,7/17/2020,0,0,1,0,Pink,Non-Native,3,0
Jesse,Site 3,JulyAugust,20,Deptford pink,3,7/28/2020,0,0,1,0,Pink,Non-Native,3,0
Jesse,Site 3,JulyAugust,20,Deptford pink,3,8/7/2020,0,0,1,0,Pink,Non-Native,3,0
Jesse,Site 3,JulyAugust,20,Deptford pink,3,8/14/2020,0,0,1,0,Pink,Non-Native,3,0
Jesse,Site 3,JulyAugust,20,Deptford pink,3,8/29/2020,0,0,1,0,Pink,Non-Native,3,0
AD,Site 6,July,17,Common milkweed,14,6/24/2020,0,0,1,0,Pink,Native,14,0
AD,Site 6,July,17,Common milkweed,14,6/29/2020,0,0,1,0,Pink,Native,14,0
AD,Site 6,July,17,Common milkweed,14,6/30/2020,0,0,1,0,Pink,Native,14,0
AD,Site 6,July,17,Common milkweed,14,7/13/2020,0,0,1,0,Pink,Native,14,0
AD,Site 6,July,17,Common milkweed,14,7/16/2020,2,0.142857143,1.142857143,0.057991947,Pink,Native,14,2
AD,Site 6,July,17,Common milkweed,14,7/19/2020,0,0,1,0,Pink,Native,14,0
AD,Site 6,July,17,Common milkweed,14,7/24/2020,0,0,1,0,Pink,Native,14,0
AD,Site 6,July,17,Common milkweed,14,7/27/2020,0,0,1,0,Pink,Native,14,0
AD,Site 6,July,17,Common milkweed,14,7/29/2020,0,0,1,0,Pink,Native,14,0
AD,Site 6,July,17,Common milkweed,14,8/1/2020,5,0.357142857,1.357142857,0.132625565,Pink,Native,14,5
AD,Site 6,July,17,Common milkweed,14,8/4/2020,0,0,1,0,Pink,Native,14,0
GM,Site 5,July,41,Wild bergamot,287,7/2/2019,1,0.003484321,1.003484321,0.001510591,Purple,Native,287,1
GM,Site 5,July,41,Wild bergamot,287,7/17/2019,1,0.003484321,1.003484321,0.001510591,Purple,Native,287,1
GM,Site 5,July,41,Wild bergamot,287,7/18/2019,2,0.006968641,1.006968641,0.003015946,Purple,Native,287,2
GM,Site 5,July,41,Wild bergamot,287,7/20/2019,7,0.024390244,1.024390244,0.010465434,Purple,Native,287,7
GM,Site 5,July,41,Wild bergamot,287,7/24/2019,4,0.013937282,1.013937282,0.006011092,Purple,Native,287,4
GM,Site 5,July,41,Wild bergamot,287,7/25/2019,10,0.034843206,1.034843206,0.014874553,Purple,Native,287,10
GM,Site 5,July,41,Wild bergamot,287,7/27/2019,15,0.052264808,1.052264808,0.022125046,Purple,Native,287,15
GM,Site 5,July,41,Wild bergamot,287,7/28/2019,12,0.041811847,1.041811847,0.017789292,Purple,Native,287,12
GM,Site 5,July,41,Wild bergamot,287,8/3/2019,7,0.024390244,1.024390244,0.010465434,Purple,Native,287,7
GM,Site 5,July,41,Wild bergamot,287,8/4/2019,1,0.003484321,1.003484321,0.001510591,Purple,Native,287,1
GM,Site 5,July,41,Wild bergamot,287,8/5/2019,4,0.013937282,1.013937282,0.006011092,Purple,Native,287,4
GM,Site 5,July,41,Wild bergamot,287,8/6/2019,1,0.003484321,1.003484321,0.001510591,Purple,Native,287,1
GM,Site 5,July,41,Wild bergamot,287,8/7/2019,17,0.059233449,1.059233449,0.024991687,Purple,Native,287,17
GM,Site 5,July,41,Wild bergamot,287,8/8/2019,4,0.013937282,1.013937282,0.006011092,Purple,Native,287,4
GM,Site 5,July,41,Wild bergamot,287,8/9/2019,2,0.006968641,1.006968641,0.003015946,Purple,Native,287,2
Barb,Site 1,JulyAugust,17,Common milkweed,1,7/6/2020,22,22,23,1.361727836,Pink,Native,1,22
Barb,Site 1,JulyAugust,17,Common milkweed,1,7/17/2020,1,1,2,0.301029996,Pink,Native,1,1
Barb,Site 1,JulyAugust,17,Common milkweed,1,7/28/2020,0,0,1,0,Pink,Native,1,0
Boyd,Site 2,JulyAugust,41,Wild bergamot,2292.5,7/2/2020,8,0.00348964,1.00348964,0.001512893,Purple,Native,2292.5,8
Boyd,Site 2,JulyAugust,41,Wild bergamot,2292.5,7/22/2020,1,0.000436205,1.000436205,0.0001894,Purple,Native,2292.5,1
Boyd,Site 2,JulyAugust,41,Wild bergamot,2292.5,8/2/2020,0,0,1,0,Purple,Native,2292.5,0
Uthe,Site 4,JulyAugust,36,Ironweed,3,7/2/2020,0,0,1,0,Purple,Native,3,0
Uthe,Site 4,JulyAugust,36,Ironweed,3,7/12/2020,0,0,1,0,Purple,Native,3,0
Uthe,Site 4,JulyAugust,36,Ironweed,3,7/22/2020,2,0.666666667,1.666666667,0.22184875,Purple,Native,3,2
Uthe,Site 4,JulyAugust,36,Ironweed,3,8/2/2020,0,0,1,0,Purple,Native,3,0
Uthe,Site 4,JulyAugust,36,Ironweed,3,8/22/2020,0,0,1,0,Purple,Native,3,0
Uthe,Site 4,JulyAugust,36,Ironweed,3,8/29/2020,0,0,1,0,Purple,Native,3,0
GM,Site 5,July,19,Bull thistle,0.071428571,7/2/2019,0,0,1,0,Purple,Non-Native,0.071428571,0
GM,Site 5,July,19,Bull thistle,0.071428571,7/17/2019,0,0,1,0,Purple,Non-Native,0.071428571,0
GM,Site 5,July,19,Bull thistle,0.071428571,7/18/2019,0,0,1,0,Purple,Non-Native,0.071428571,0
GM,Site 5,July,19,Bull thistle,0.071428571,7/20/2019,0,0,1,0,Purple,Non-Native,0.071428571,0
GM,Site 5,July,19,Bull thistle,0.071428571,7/24/2019,0,0,1,0,Purple,Non-Native,0.071428571,0
GM,Site 5,July,19,Bull thistle,0.071428571,7/25/2019,0,0,1,0,Purple,Non-Native,0.071428571,0
GM,Site 5,July,19,Bull thistle,0.071428571,7/27/2019,0,0,1,0,Purple,Non-Native,0.071428571,0
GM,Site 5,July,19,Bull thistle,0.071428571,7/28/2019,0,0,1,0,Purple,Non-Native,0.071428571,0
GM,Site 5,July,19,Bull thistle,0.071428571,8/3/2019,0,0,1,0,Purple,Non-Native,0.071428571,0
GM,Site 5,July,19,Bull thistle,0.071428571,8/4/2019,0,0,1,0,Purple,Non-Native,0.071428571,0
GM,Site 5,July,19,Bull thistle,0.071428571,8/5/2019,0,0,1,0,Purple,Non-Native,0.071428571,0
GM,Site 5,July,19,Bull thistle,0.071428571,8/6/2019,2,28.00000017,29.00000017,1.462398,Purple,Non-Native,0.071428571,2
GM,Site 5,July,19,Bull thistle,0.071428571,8/7/2019,0,0,1,0,Purple,Non-Native,0.071428571,0
GM,Site 5,July,19,Bull thistle,0.071428571,8/8/2019,0,0,1,0,Purple,Non-Native,0.071428571,0
GM,Site 5,July,19,Bull thistle,0.071428571,8/9/2019,0,0,1,0,Purple,Non-Native,0.071428571,0
AD,Site 6,July,21,Hoary vervain,5,6/24/2020,0,0,1,0,Purple,Native,5,0
AD,Site 6,July,21,Hoary vervain,5,6/29/2020,0,0,1,0,Purple,Native,5,0
AD,Site 6,July,21,Hoary vervain,5,6/30/2020,0,0,1,0,Purple,Native,5,0
AD,Site 6,July,21,Hoary vervain,5,7/13/2020,0,0,1,0,Purple,Native,5,0
AD,Site 6,July,21,Hoary vervain,5,7/16/2020,0,0,1,0,Purple,Native,5,0
AD,Site 6,July,21,Hoary vervain,5,7/19/2020,0,0,1,0,Purple,Native,5,0
AD,Site 6,July,21,Hoary vervain,5,7/24/2020,0,0,1,0,Purple,Native,5,0
AD,Site 6,July,21,Hoary vervain,5,7/27/2020,0,0,1,0,Purple,Native,5,0
AD,Site 6,July,21,Hoary vervain,5,7/29/2020,0,0,1,0,Purple,Native,5,0
AD,Site 6,July,21,Hoary vervain,5,8/1/2020,0,0,1,0,Purple,Native,5,0
AD,Site 6,July,21,Hoary vervain,5,8/4/2020,0,0,1,0,Purple,Native,5,0
Jesse,Site 3,JulyAugust,30,Common selfheal,8,7/6/2020,0,0,1,0,Purple,Native,8,0
Jesse,Site 3,JulyAugust,12,Hairy ruellia,5,7/6/2020,0,0,1,0,Purple,Native,5,0
Jesse,Site 3,JulyAugust,21,Hoary vervain,2.5,7/6/2020,1,0.4,1.4,0.146128036,Purple,Native,2.5,1
Jesse,Site 3,JulyAugust,38,Purple prairie clover,126,7/6/2020,0,0,1,0,Purple,Native,126,0
Jesse,Site 3,JulyAugust,41,Wild bergamot,108.5,7/6/2020,0,0,1,0,Purple,Native,108.5,0
Jesse,Site 3,JulyAugust,1,Red clover,88.5,7/6/2020,0,0,1,0,Purple,Non-Native,88.5,0
Barb,Site 1,JulyAugust,5,Crown vetch,2.5,7/6/2020,0,0,1,0,Pink,Non-Native,2.5,0
Barb,Site 1,JulyAugust,5,Crown vetch,2.5,7/17/2020,0,0,1,0,Pink,Non-Native,2.5,0
Barb,Site 1,JulyAugust,5,Crown vetch,2.5,7/28/2020,0,0,1,0,Pink,Non-Native,2.5,0
Jesse,Site 3,JulyAugust,30,Common selfheal,8,7/17/2020,0,0,1,0,Purple,Native,8,0
Jesse,Site 3,JulyAugust,12,Hairy ruellia,5,7/17/2020,0,0,1,0,Purple,Native,5,0
Jesse,Site 3,JulyAugust,21,Hoary vervain,2.5,7/17/2020,0,0,1,0,Purple,Native,2.5,0
Jesse,Site 3,JulyAugust,38,Purple prairie clover,126,7/17/2020,1,0.007936508,1.007936508,0.003433176,Purple,Native,126,1
Jesse,Site 3,JulyAugust,41,Wild bergamot,108.5,7/17/2020,2,0.01843318,1.01843318,0.00793254,Purple,Native,108.5,2
Jesse,Site 3,JulyAugust,1,Red clover,88.5,7/17/2020,0,0,1,0,Purple,Non-Native,88.5,0
AD,Site 6,July,41,Wild bergamot,136,6/24/2020,0,0,1,0,Purple,Native,136,0
AD,Site 6,July,41,Wild bergamot,136,6/29/2020,0,0,1,0,Purple,Native,136,0
AD,Site 6,July,41,Wild bergamot,136,6/30/2020,0,0,1,0,Purple,Native,136,0
AD,Site 6,July,41,Wild bergamot,136,7/13/2020,0,0,1,0,Purple,Native,136,0
AD,Site 6,July,41,Wild bergamot,136,7/16/2020,0,0,1,0,Purple,Native,136,0
AD,Site 6,July,41,Wild bergamot,136,7/19/2020,0,0,1,0,Purple,Native,136,0
AD,Site 6,July,41,Wild bergamot,136,7/24/2020,0,0,1,0,Purple,Native,136,0
AD,Site 6,July,41,Wild bergamot,136,7/27/2020,0,0,1,0,Purple,Native,136,0
AD,Site 6,July,41,Wild bergamot,136,7/29/2020,0,0,1,0,Purple,Native,136,0
AD,Site 6,July,41,Wild bergamot,136,8/1/2020,0,0,1,0,Purple,Native,136,0
AD,Site 6,July,41,Wild bergamot,136,8/4/2020,0,0,1,0,Purple,Native,136,0
Jesse,Site 3,JulyAugust,30,Common selfheal,8,7/28/2020,0,0,1,0,Purple,Native,8,0
Jesse,Site 3,JulyAugust,12,Hairy ruellia,5,7/28/2020,0,0,1,0,Purple,Native,5,0
Jesse,Site 3,JulyAugust,21,Hoary vervain,2.5,7/28/2020,1,0.4,1.4,0.146128036,Purple,Native,2.5,1
Jesse,Site 3,JulyAugust,38,Purple prairie clover,126,7/28/2020,1,0.007936508,1.007936508,0.003433176,Purple,Native,126,1
Jesse,Site 3,JulyAugust,41,Wild bergamot,108.5,7/28/2020,18,0.165898618,1.165898618,0.066660787,Purple,Native,108.5,18
Jesse,Site 3,JulyAugust,1,Red clover,88.5,7/28/2020,0,0,1,0,Purple,Non-Native,88.5,0
Jesse,Site 3,JulyAugust,30,Common selfheal,8,8/7/2020,0,0,1,0,Purple,Native,8,0
Jesse,Site 3,JulyAugust,12,Hairy ruellia,5,8/7/2020,0,0,1,0,Purple,Native,5,0
Jesse,Site 3,JulyAugust,21,Hoary vervain,2.5,8/7/2020,0,0,1,0,Purple,Native,2.5,0
Jesse,Site 3,JulyAugust,38,Purple prairie clover,126,8/7/2020,0,0,1,0,Purple,Native,126,0
Jesse,Site 3,JulyAugust,41,Wild bergamot,108.5,8/7/2020,0,0,1,0,Purple,Native,108.5,0
Jesse,Site 3,JulyAugust,1,Red clover,88.5,8/7/2020,0,0,1,0,Purple,Non-Native,88.5,0
GM,Site 5,July,16,Canada thistle,10.21428571,7/2/2019,0,0,1,0,Purple,Non-Native,10.21428571,0
GM,Site 5,July,16,Canada thistle,10.21428571,7/17/2019,0,0,1,0,Purple,Non-Native,10.21428571,0
GM,Site 5,July,16,Canada thistle,10.21428571,7/18/2019,0,0,1,0,Purple,Non-Native,10.21428571,0
GM,Site 5,July,16,Canada thistle,10.21428571,7/20/2019,0,0,1,0,Purple,Non-Native,10.21428571,0
GM,Site 5,July,16,Canada thistle,10.21428571,7/24/2019,0,0,1,0,Purple,Non-Native,10.21428571,0
GM,Site 5,July,16,Canada thistle,10.21428571,7/25/2019,0,0,1,0,Purple,Non-Native,10.21428571,0
GM,Site 5,July,16,Canada thistle,10.21428571,7/27/2019,0,0,1,0,Purple,Non-Native,10.21428571,0
GM,Site 5,July,16,Canada thistle,10.21428571,7/28/2019,0,0,1,0,Purple,Non-Native,10.21428571,0
GM,Site 5,July,16,Canada thistle,10.21428571,8/3/2019,0,0,1,0,Purple,Non-Native,10.21428571,0
GM,Site 5,July,16,Canada thistle,10.21428571,8/4/2019,0,0,1,0,Purple,Non-Native,10.21428571,0
GM,Site 5,July,16,Canada thistle,10.21428571,8/5/2019,0,0,1,0,Purple,Non-Native,10.21428571,0
GM,Site 5,July,16,Canada thistle,10.21428571,8/6/2019,0,0,1,0,Purple,Non-Native,10.21428571,0
GM,Site 5,July,16,Canada thistle,10.21428571,8/7/2019,0,0,1,0,Purple,Non-Native,10.21428571,0
GM,Site 5,July,16,Canada thistle,10.21428571,8/8/2019,0,0,1,0,Purple,Non-Native,10.21428571,0
GM,Site 5,July,16,Canada thistle,10.21428571,8/9/2019,0,0,1,0,Purple,Non-Native,10.21428571,0
Barb,Site 1,JulyAugust,14,Pale purple coneflower,1,7/6/2020,2,2,3,0.477121255,Purple,Native,1,2
Barb,Site 1,JulyAugust,14,Pale purple coneflower,1,7/17/2020,8,8,9,0.954242509,Purple,Native,1,8
Barb,Site 1,JulyAugust,14,Pale purple coneflower,1,7/28/2020,18,18,19,1.278753601,Purple,Native,1,18
Jesse,Site 3,JulyAugust,30,Common selfheal,8,8/14/2020,0,0,1,0,Purple,Native,8,0
Jesse,Site 3,JulyAugust,12,Hairy ruellia,5,8/14/2020,0,0,1,0,Purple,Native,5,0
Jesse,Site 3,JulyAugust,21,Hoary vervain,2.5,8/14/2020,0,0,1,0,Purple,Native,2.5,0
Jesse,Site 3,JulyAugust,38,Purple prairie clover,126,8/14/2020,0,0,1,0,Purple,Native,126,0
Jesse,Site 3,JulyAugust,41,Wild bergamot,108.5,8/14/2020,0,0,1,0,Purple,Native,108.5,0
Jesse,Site 3,JulyAugust,1,Red clover,88.5,8/14/2020,0,0,1,0,Purple,Non-Native,88.5,0
Uthe,Site 4,JulyAugust,14,Pale purple coneflower,1,7/2/2020,2,2,3,0.477121255,Purple,Native,1,2
Uthe,Site 4,JulyAugust,14,Pale purple coneflower,1,7/12/2020,0,0,1,0,Purple,Native,1,0
Uthe,Site 4,JulyAugust,14,Pale purple coneflower,1,7/22/2020,0,0,1,0,Purple,Native,1,0
Uthe,Site 4,JulyAugust,14,Pale purple coneflower,1,8/2/2020,0,0,1,0,Purple,Native,1,0
Uthe,Site 4,JulyAugust,14,Pale purple coneflower,1,8/22/2020,0,0,1,0,Purple,Native,1,0
Uthe,Site 4,JulyAugust,14,Pale purple coneflower,1,8/29/2020,0,0,1,0,Purple,Native,1,0
Barb,Site 1,JulyAugust,41,Wild bergamot,43,7/6/2020,0,0,1,0,Purple,Native,43,0
Barb,Site 1,JulyAugust,41,Wild bergamot,43,7/17/2020,16,0.372093023,1.372093023,0.137383556,Purple,Native,43,16
Barb,Site 1,JulyAugust,41,Wild bergamot,43,7/28/2020,0,0,1,0,Purple,Native,43,0
Boyd,Site 2,JulyAugust,6,Alfalfa,29,7/2/2020,0,0,1,0,Purple,Non-Native,29,0
Boyd,Site 2,JulyAugust,6,Alfalfa,29,7/22/2020,0,0,1,0,Purple,Non-Native,29,0
Boyd,Site 2,JulyAugust,6,Alfalfa,29,8/2/2020,0,0,1,0,Purple,Non-Native,29,0
Jesse,Site 3,JulyAugust,30,Common selfheal,8,8/29/2020,0,0,1,0,Purple,Native,8,0
Jesse,Site 3,JulyAugust,12,Hairy ruellia,5,8/29/2020,0,0,1,0,Purple,Native,5,0
Jesse,Site 3,JulyAugust,21,Hoary vervain,2.5,8/29/2020,0,0,1,0,Purple,Native,2.5,0
Jesse,Site 3,JulyAugust,38,Purple prairie clover,126,8/29/2020,0,0,1,0,Purple,Native,126,0
Jesse,Site 3,JulyAugust,41,Wild bergamot,108.5,8/29/2020,0,0,1,0,Purple,Native,108.5,0
Jesse,Site 3,JulyAugust,1,Red clover,88.5,8/29/2020,0,0,1,0,Purple,Non-Native,88.5,0
Uthe,Site 4,JulyAugust,41,Wild bergamot,24.5,7/2/2020,0,0,1,0,Purple,Native,24.5,0
Uthe,Site 4,JulyAugust,41,Wild bergamot,24.5,7/12/2020,2,0.081632653,1.081632653,0.03407979,Purple,Native,24.5,2
Uthe,Site 4,JulyAugust,41,Wild bergamot,24.5,7/22/2020,2,0.081632653,1.081632653,0.03407979,Purple,Native,24.5,2
Uthe,Site 4,JulyAugust,41,Wild bergamot,24.5,8/2/2020,0,0,1,0,Purple,Native,24.5,0
Uthe,Site 4,JulyAugust,41,Wild bergamot,24.5,8/22/2020,0,0,1,0,Purple,Native,24.5,0
Uthe,Site 4,JulyAugust,41,Wild bergamot,24.5,8/29/2020,0,0,1,0,Purple,Native,24.5,0
GM,Site 5,July,1,Red clover,0.071428571,7/2/2019,0,0,1,0,Purple,Non-Native,0.071428571,0
GM,Site 5,July,1,Red clover,0.071428571,7/17/2019,0,0,1,0,Purple,Non-Native,0.071428571,0
GM,Site 5,July,1,Red clover,0.071428571,7/18/2019,0,0,1,0,Purple,Non-Native,0.071428571,0
GM,Site 5,July,1,Red clover,0.071428571,7/20/2019,0,0,1,0,Purple,Non-Native,0.071428571,0
GM,Site 5,July,1,Red clover,0.071428571,7/24/2019,0,0,1,0,Purple,Non-Native,0.071428571,0
GM,Site 5,July,1,Red clover,0.071428571,7/25/2019,0,0,1,0,Purple,Non-Native,0.071428571,0
GM,Site 5,July,1,Red clover,0.071428571,7/27/2019,0,0,1,0,Purple,Non-Native,0.071428571,0
GM,Site 5,July,1,Red clover,0.071428571,7/28/2019,0,0,1,0,Purple,Non-Native,0.071428571,0
GM,Site 5,July,1,Red clover,0.071428571,8/3/2019,0,0,1,0,Purple,Non-Native,0.071428571,0
GM,Site 5,July,1,Red clover,0.071428571,8/4/2019,0,0,1,0,Purple,Non-Native,0.071428571,0
GM,Site 5,July,1,Red clover,0.071428571,8/5/2019,0,0,1,0,Purple,Non-Native,0.071428571,0
GM,Site 5,July,1,Red clover,0.071428571,8/6/2019,0,0,1,0,Purple,Non-Native,0.071428571,0
GM,Site 5,July,1,Red clover,0.071428571,8/7/2019,0,0,1,0,Purple,Non-Native,0.071428571,0
GM,Site 5,July,1,Red clover,0.071428571,8/8/2019,0,0,1,0,Purple,Non-Native,0.071428571,0
GM,Site 5,July,1,Red clover,0.071428571,8/9/2019,0,0,1,0,Purple,Non-Native,0.071428571,0
AD,Site 6,July,43,Chicory,1,6/24/2020,0,0,1,0,Purple,Non-Native,1,0
AD,Site 6,July,43,Chicory,1,6/29/2020,0,0,1,0,Purple,Non-Native,1,0
AD,Site 6,July,43,Chicory,1,6/30/2020,0,0,1,0,Purple,Non-Native,1,0
AD,Site 6,July,43,Chicory,1,7/13/2020,0,0,1,0,Purple,Non-Native,1,0
AD,Site 6,July,43,Chicory,1,7/16/2020,0,0,1,0,Purple,Non-Native,1,0
AD,Site 6,July,43,Chicory,1,7/19/2020,0,0,1,0,Purple,Non-Native,1,0
AD,Site 6,July,43,Chicory,1,7/24/2020,1,1,2,0.301029996,Purple,Non-Native,1,1
AD,Site 6,July,43,Chicory,1,7/27/2020,0,0,1,0,Purple,Non-Native,1,0
AD,Site 6,July,43,Chicory,1,7/29/2020,0,0,1,0,Purple,Non-Native,1,0
AD,Site 6,July,43,Chicory,1,8/1/2020,0,0,1,0,Purple,Non-Native,1,0
AD,Site 6,July,43,Chicory,1,8/4/2020,0,0,1,0,Purple,Non-Native,1,0
Jesse,Site 3,JulyAugust,8,Carolina horse nettle,2.5,7/6/2020,0,0,1,0,White,Native,2.5,0
Jesse,Site 3,JulyAugust,8,Carolina horse nettle,2.5,7/17/2020,0,0,1,0,White,Native,2.5,0
Jesse,Site 3,JulyAugust,8,Carolina horse nettle,2.5,7/28/2020,0,0,1,0,White,Native,2.5,0
Jesse,Site 3,JulyAugust,8,Carolina horse nettle,2.5,8/7/2020,0,0,1,0,White,Native,2.5,0
Jesse,Site 3,JulyAugust,8,Carolina horse nettle,2.5,8/14/2020,0,0,1,0,White,Native,2.5,0
Jesse,Site 3,JulyAugust,8,Carolina horse nettle,2.5,8/29/2020,0,0,1,0,White,Native,2.5,0
Boyd,Site 2,JulyAugust,16,Canada thistle,42.5,7/2/2020,1,0.023529412,1.023529412,0.010100327,Purple,Non-Native,42.5,1
Boyd,Site 2,JulyAugust,16,Canada thistle,42.5,7/22/2020,0,0,1,0,Purple,Non-Native,42.5,0
Boyd,Site 2,JulyAugust,16,Canada thistle,42.5,8/2/2020,0,0,1,0,Purple,Non-Native,42.5,0
Jesse,Site 3,JulyAugust,7,Eastern daisy fleabane,87.5,7/6/2020,1,0.011428571,1.011428571,0.004935218,White,Native,87.5,1
Jesse,Site 3,JulyAugust,7,Eastern daisy fleabane,87.5,7/17/2020,0,0,1,0,White,Native,87.5,0
Jesse,Site 3,JulyAugust,7,Eastern daisy fleabane,87.5,7/28/2020,0,0,1,0,White,Native,87.5,0
Jesse,Site 3,JulyAugust,7,Eastern daisy fleabane,87.5,8/7/2020,0,0,1,0,White,Native,87.5,0
Jesse,Site 3,JulyAugust,7,Eastern daisy fleabane,87.5,8/14/2020,0,0,1,0,White,Native,87.5,0
Jesse,Site 3,JulyAugust,7,Eastern daisy fleabane,87.5,8/29/2020,0,0,1,0,White,Native,87.5,0
Uthe,Site 4,JulyAugust,19,Bull thistle,1,7/2/2020,0,0,1,0,Purple,Non-Native,1,0
Uthe,Site 4,JulyAugust,19,Bull thistle,1,7/12/2020,2,2,3,0.477121255,Purple,Non-Native,1,2
Uthe,Site 4,JulyAugust,19,Bull thistle,1,7/22/2020,33,33,34,1.531478917,Purple,Non-Native,1,33
Uthe,Site 4,JulyAugust,19,Bull thistle,1,8/2/2020,0,0,1,0,Purple,Non-Native,1,0
Uthe,Site 4,JulyAugust,19,Bull thistle,1,8/22/2020,9,9,10,1,Purple,Non-Native,1,9
Uthe,Site 4,JulyAugust,19,Bull thistle,1,8/29/2020,19,19,20,1.301029996,Purple,Non-Native,1,19
GM,Site 5,July,7,Eastern daisy fleabane,16.35714286,7/2/2019,0,0,1,0,White,Native,16.35714286,0
GM,Site 5,July,7,Eastern daisy fleabane,16.35714286,7/17/2019,0,0,1,0,White,Native,16.35714286,0
GM,Site 5,July,7,Eastern daisy fleabane,16.35714286,7/18/2019,0,0,1,0,White,Native,16.35714286,0
GM,Site 5,July,7,Eastern daisy fleabane,16.35714286,7/20/2019,0,0,1,0,White,Native,16.35714286,0
GM,Site 5,July,7,Eastern daisy fleabane,16.35714286,7/24/2019,0,0,1,0,White,Native,16.35714286,0
GM,Site 5,July,7,Eastern daisy fleabane,16.35714286,7/25/2019,0,0,1,0,White,Native,16.35714286,0
GM,Site 5,July,7,Eastern daisy fleabane,16.35714286,7/27/2019,0,0,1,0,White,Native,16.35714286,0
GM,Site 5,July,7,Eastern daisy fleabane,16.35714286,7/28/2019,0,0,1,0,White,Native,16.35714286,0
GM,Site 5,July,7,Eastern daisy fleabane,16.35714286,8/3/2019,0,0,1,0,White,Native,16.35714286,0
GM,Site 5,July,7,Eastern daisy fleabane,16.35714286,8/4/2019,0,0,1,0,White,Native,16.35714286,0
GM,Site 5,July,7,Eastern daisy fleabane,16.35714286,8/5/2019,0,0,1,0,White,Native,16.35714286,0
GM,Site 5,July,7,Eastern daisy fleabane,16.35714286,8/6/2019,0,0,1,0,White,Native,16.35714286,0
GM,Site 5,July,7,Eastern daisy fleabane,16.35714286,8/7/2019,0,0,1,0,White,Native,16.35714286,0
GM,Site 5,July,7,Eastern daisy fleabane,16.35714286,8/8/2019,0,0,1,0,White,Native,16.35714286,0
GM,Site 5,July,7,Eastern daisy fleabane,16.35714286,8/9/2019,0,0,1,0,White,Native,16.35714286,0
AD,Site 6,July,1,Red clover,1,6/24/2020,0,0,1,0,Purple,Non-Native,1,0
AD,Site 6,July,1,Red clover,1,6/29/2020,0,0,1,0,Purple,Non-Native,1,0
AD,Site 6,July,1,Red clover,1,6/30/2020,1,1,2,0.301029996,Purple,Non-Native,1,1
AD,Site 6,July,1,Red clover,1,7/13/2020,1,1,2,0.301029996,Purple,Non-Native,1,1
AD,Site 6,July,1,Red clover,1,7/16/2020,10,10,11,1.041392685,Purple,Non-Native,1,10
AD,Site 6,July,1,Red clover,1,7/19/2020,8,8,9,0.954242509,Purple,Non-Native,1,8
AD,Site 6,July,1,Red clover,1,7/24/2020,0,0,1,0,Purple,Non-Native,1,0
AD,Site 6,July,1,Red clover,1,7/27/2020,0,0,1,0,Purple,Non-Native,1,0
AD,Site 6,July,1,Red clover,1,7/29/2020,4,4,5,0.698970004,Purple,Non-Native,1,4
AD,Site 6,July,1,Red clover,1,8/1/2020,0,0,1,0,Purple,Non-Native,1,0
AD,Site 6,July,1,Red clover,1,8/4/2020,1,1,2,0.301029996,Purple,Non-Native,1,1
Uthe,Site 4,JulyAugust,22,Morning glory,1,7/2/2020,0,0,1,0,White,Native,1,0
Uthe,Site 4,JulyAugust,22,Morning glory,1,7/12/2020,0,0,1,0,White,Native,1,0
Uthe,Site 4,JulyAugust,22,Morning glory,1,7/22/2020,0,0,1,0,White,Native,1,0
Uthe,Site 4,JulyAugust,22,Morning glory,1,8/2/2020,0,0,1,0,White,Native,1,0
Uthe,Site 4,JulyAugust,22,Morning glory,1,8/22/2020,0,0,1,0,White,Native,1,0
Uthe,Site 4,JulyAugust,22,Morning glory,1,8/29/2020,0,0,1,0,White,Native,1,0
Boyd,Site 2,JulyAugust,1,Red clover,15,7/2/2020,0,0,1,0,Purple,Non-Native,15,0
Boyd,Site 2,JulyAugust,1,Red clover,15,7/22/2020,0,0,1,0,Purple,Non-Native,15,0
Boyd,Site 2,JulyAugust,1,Red clover,15,8/2/2020,0,0,1,0,Purple,Non-Native,15,0
Uthe,Site 4,JulyAugust,28,Black eyed susan,56,7/2/2020,0,0,1,0,Yellow,Native,56,0
Uthe,Site 4,JulyAugust,28,Black eyed susan,56,7/12/2020,0,0,1,0,Yellow,Native,56,0
Uthe,Site 4,JulyAugust,28,Black eyed susan,56,7/22/2020,0,0,1,0,Yellow,Native,56,0
Uthe,Site 4,JulyAugust,28,Black eyed susan,56,8/2/2020,0,0,1,0,Yellow,Native,56,0
Uthe,Site 4,JulyAugust,28,Black eyed susan,56,8/22/2020,0,0,1,0,Yellow,Native,56,0
Uthe,Site 4,JulyAugust,28,Black eyed susan,56,8/29/2020,0,0,1,0,Yellow,Native,56,0
GM,Site 5,July,32,Mountain mint,1.5,7/2/2019,0,0,1,0,White,Native,1.5,0
GM,Site 5,July,32,Mountain mint,1.5,7/17/2019,0,0,1,0,White,Native,1.5,0
GM,Site 5,July,32,Mountain mint,1.5,7/18/2019,0,0,1,0,White,Native,1.5,0
GM,Site 5,July,32,Mountain mint,1.5,7/20/2019,0,0,1,0,White,Native,1.5,0
GM,Site 5,July,32,Mountain mint,1.5,7/24/2019,0,0,1,0,White,Native,1.5,0
GM,Site 5,July,32,Mountain mint,1.5,7/25/2019,0,0,1,0,White,Native,1.5,0
GM,Site 5,July,32,Mountain mint,1.5,7/27/2019,0,0,1,0,White,Native,1.5,0
GM,Site 5,July,32,Mountain mint,1.5,7/28/2019,0,0,1,0,White,Native,1.5,0
GM,Site 5,July,32,Mountain mint,1.5,8/3/2019,0,0,1,0,White,Native,1.5,0
GM,Site 5,July,32,Mountain mint,1.5,8/4/2019,0,0,1,0,White,Native,1.5,0
GM,Site 5,July,32,Mountain mint,1.5,8/5/2019,0,0,1,0,White,Native,1.5,0
GM,Site 5,July,32,Mountain mint,1.5,8/6/2019,0,0,1,0,White,Native,1.5,0
GM,Site 5,July,32,Mountain mint,1.5,8/7/2019,0,0,1,0,White,Native,1.5,0
GM,Site 5,July,32,Mountain mint,1.5,8/8/2019,0,0,1,0,White,Native,1.5,0
GM,Site 5,July,32,Mountain mint,1.5,8/9/2019,0,0,1,0,White,Native,1.5,0
Boyd,Site 2,JulyAugust,22,Morning glory,8.5,7/2/2020,0,0,1,0,White,Native,8.5,0
Boyd,Site 2,JulyAugust,22,Morning glory,8.5,7/22/2020,0,0,1,0,White,Native,8.5,0
Boyd,Site 2,JulyAugust,22,Morning glory,8.5,8/2/2020,0,0,1,0,White,Native,8.5,0
Jesse,Site 3,JulyAugust,24,Yarrow,5,7/6/2020,0,0,1,0,White,Native,5,0
Jesse,Site 3,JulyAugust,24,Yarrow,5,7/17/2020,0,0,1,0,White,Native,5,0
Jesse,Site 3,JulyAugust,24,Yarrow,5,7/28/2020,0,0,1,0,White,Native,5,0
Jesse,Site 3,JulyAugust,24,Yarrow,5,8/7/2020,0,0,1,0,White,Native,5,0
Jesse,Site 3,JulyAugust,24,Yarrow,5,8/14/2020,0,0,1,0,White,Native,5,0
Jesse,Site 3,JulyAugust,24,Yarrow,5,8/29/2020,0,0,1,0,White,Native,5,0
Uthe,Site 4,JulyAugust,47,Goldenrod,6.5,7/2/2020,0,0,1,0,Yellow,Native,6.5,0
Uthe,Site 4,JulyAugust,47,Goldenrod,6.5,7/12/2020,0,0,1,0,Yellow,Native,6.5,0
Uthe,Site 4,JulyAugust,47,Goldenrod,6.5,7/22/2020,0,0,1,0,Yellow,Native,6.5,0
Uthe,Site 4,JulyAugust,47,Goldenrod,6.5,8/2/2020,0,0,1,0,Yellow,Native,6.5,0
Uthe,Site 4,JulyAugust,47,Goldenrod,6.5,8/22/2020,0,0,1,0,Yellow,Native,6.5,0
Uthe,Site 4,JulyAugust,47,Goldenrod,6.5,8/29/2020,0,0,1,0,Yellow,Native,6.5,0
GM,Site 5,July,20,Whorled milkweed,0.071428571,7/2/2019,0,0,1,0,White,Native,0.071428571,0
GM,Site 5,July,20,Whorled milkweed,0.071428571,7/17/2019,0,0,1,0,White,Native,0.071428571,0
GM,Site 5,July,20,Whorled milkweed,0.071428571,7/18/2019,0,0,1,0,White,Native,0.071428571,0
GM,Site 5,July,20,Whorled milkweed,0.071428571,7/20/2019,0,0,1,0,White,Native,0.071428571,0
GM,Site 5,July,20,Whorled milkweed,0.071428571,7/24/2019,0,0,1,0,White,Native,0.071428571,0
GM,Site 5,July,20,Whorled milkweed,0.071428571,7/25/2019,0,0,1,0,White,Native,0.071428571,0
GM,Site 5,July,20,Whorled milkweed,0.071428571,7/27/2019,0,0,1,0,White,Native,0.071428571,0
GM,Site 5,July,20,Whorled milkweed,0.071428571,7/28/2019,0,0,1,0,White,Native,0.071428571,0
GM,Site 5,July,20,Whorled milkweed,0.071428571,8/3/2019,0,0,1,0,White,Native,0.071428571,0
GM,Site 5,July,20,Whorled milkweed,0.071428571,8/4/2019,0,0,1,0,White,Native,0.071428571,0
GM,Site 5,July,20,Whorled milkweed,0.071428571,8/5/2019,1,14.00000008,15.00000008,1.176091261,White,Native,0.071428571,1
GM,Site 5,July,20,Whorled milkweed,0.071428571,8/6/2019,0,0,1,0,White,Native,0.071428571,0
GM,Site 5,July,20,Whorled milkweed,0.071428571,8/7/2019,0,0,1,0,White,Native,0.071428571,0
GM,Site 5,July,20,Whorled milkweed,0.071428571,8/8/2019,0,0,1,0,White,Native,0.071428571,0
GM,Site 5,July,20,Whorled milkweed,0.071428571,8/9/2019,0,0,1,0,White,Native,0.071428571,0
AD,Site 6,July,2,White clover,1,6/24/2020,0,0,1,0,White,Non-Native,1,0
AD,Site 6,July,2,White clover,1,6/29/2020,0,0,1,0,White,Non-Native,1,0
AD,Site 6,July,2,White clover,1,6/30/2020,0,0,1,0,White,Non-Native,1,0
AD,Site 6,July,2,White clover,1,7/13/2020,0,0,1,0,White,Non-Native,1,0
AD,Site 6,July,2,White clover,1,7/16/2020,0,0,1,0,White,Non-Native,1,0
AD,Site 6,July,2,White clover,1,7/19/2020,0,0,1,0,White,Non-Native,1,0
AD,Site 6,July,2,White clover,1,7/24/2020,0,0,1,0,White,Non-Native,1,0
AD,Site 6,July,2,White clover,1,7/27/2020,1,1,2,0.301029996,White,Non-Native,1,1
AD,Site 6,July,2,White clover,1,7/29/2020,0,0,1,0,White,Non-Native,1,0
AD,Site 6,July,2,White clover,1,8/1/2020,0,0,1,0,White,Non-Native,1,0
AD,Site 6,July,2,White clover,1,8/4/2020,0,0,1,0,White,Non-Native,1,0
Barb,Site 1,JulyAugust,39,Rattlesnake master,6,7/6/2020,0,0,1,0,White,Native,6,0
Barb,Site 1,JulyAugust,39,Rattlesnake master,6,7/17/2020,0,0,1,0,White,Native,6,0
Barb,Site 1,JulyAugust,39,Rattlesnake master,6,7/28/2020,0,0,1,0,White,Native,6,0
Uthe,Site 4,JulyAugust,35,Greyheaded coneflower,612,7/2/2020,0,0,1,0,Yellow,Native,612,0
Uthe,Site 4,JulyAugust,35,Greyheaded coneflower,612,7/12/2020,0,0,1,0,Yellow,Native,612,0
Uthe,Site 4,JulyAugust,35,Greyheaded coneflower,612,7/22/2020,1,0.001633987,1.001633987,0.000709052,Yellow,Native,612,1
Uthe,Site 4,JulyAugust,35,Greyheaded coneflower,612,8/2/2020,2,0.003267974,1.003267974,0.001416949,Yellow,Native,612,2
Uthe,Site 4,JulyAugust,35,Greyheaded coneflower,612,8/22/2020,0,0,1,0,Yellow,Native,612,0
Uthe,Site 4,JulyAugust,35,Greyheaded coneflower,612,8/29/2020,0,0,1,0,Yellow,Native,612,0
GM,Site 5,July,24,Yarrow,0.071428571,7/2/2019,0,0,1,0,White,Native,0.071428571,0
GM,Site 5,July,24,Yarrow,0.071428571,7/17/2019,0,0,1,0,White,Native,0.071428571,0
GM,Site 5,July,24,Yarrow,0.071428571,7/18/2019,0,0,1,0,White,Native,0.071428571,0
GM,Site 5,July,24,Yarrow,0.071428571,7/20/2019,0,0,1,0,White,Native,0.071428571,0
GM,Site 5,July,24,Yarrow,0.071428571,7/24/2019,0,0,1,0,White,Native,0.071428571,0
GM,Site 5,July,24,Yarrow,0.071428571,7/25/2019,0,0,1,0,White,Native,0.071428571,0
GM,Site 5,July,24,Yarrow,0.071428571,7/27/2019,0,0,1,0,White,Native,0.071428571,0
GM,Site 5,July,24,Yarrow,0.071428571,7/28/2019,0,0,1,0,White,Native,0.071428571,0
GM,Site 5,July,24,Yarrow,0.071428571,8/3/2019,0,0,1,0,White,Native,0.071428571,0
GM,Site 5,July,24,Yarrow,0.071428571,8/4/2019,0,0,1,0,White,Native,0.071428571,0
GM,Site 5,July,24,Yarrow,0.071428571,8/5/2019,1,14.00000008,15.00000008,1.176091261,White,Native,0.071428571,1
GM,Site 5,July,24,Yarrow,0.071428571,8/6/2019,0,0,1,0,White,Native,0.071428571,0
GM,Site 5,July,24,Yarrow,0.071428571,8/7/2019,0,0,1,0,White,Native,0.071428571,0
GM,Site 5,July,24,Yarrow,0.071428571,8/8/2019,0,0,1,0,White,Native,0.071428571,0
GM,Site 5,July,24,Yarrow,0.071428571,8/9/2019,0,0,1,0,White,Native,0.071428571,0
Barb,Site 1,JulyAugust,40,White vervain,11.5,7/6/2020,0,0,1,0,White,Native,11.5,0
Barb,Site 1,JulyAugust,40,White vervain,11.5,7/17/2020,1,0.086956522,1.086956522,0.036212173,White,Native,11.5,1
Barb,Site 1,JulyAugust,40,White vervain,11.5,7/28/2020,0,0,1,0,White,Native,11.5,0
Jesse,Site 3,JulyAugust,10,White sweet clover,35,7/6/2020,0,0,1,0,White,Non-Native,35,0
Jesse,Site 3,JulyAugust,10,White sweet clover,35,7/17/2020,0,0,1,0,White,Non-Native,35,0
Jesse,Site 3,JulyAugust,10,White sweet clover,35,7/28/2020,0,0,1,0,White,Non-Native,35,0
Jesse,Site 3,JulyAugust,10,White sweet clover,35,8/7/2020,0,0,1,0,White,Non-Native,35,0
Jesse,Site 3,JulyAugust,10,White sweet clover,35,8/14/2020,0,0,1,0,White,Non-Native,35,0
Jesse,Site 3,JulyAugust,10,White sweet clover,35,8/29/2020,0,0,1,0,White,Non-Native,35,0
Uthe,Site 4,JulyAugust,23,Oxeye sunflower,71.5,7/2/2020,2,0.027972028,1.027972028,0.011981297,Yellow,Native,71.5,2
Uthe,Site 4,JulyAugust,23,Oxeye sunflower,71.5,7/12/2020,0,0,1,0,Yellow,Native,71.5,0
Uthe,Site 4,JulyAugust,23,Oxeye sunflower,71.5,7/22/2020,2,0.027972028,1.027972028,0.011981297,Yellow,Native,71.5,2
Uthe,Site 4,JulyAugust,23,Oxeye sunflower,71.5,8/2/2020,0,0,1,0,Yellow,Native,71.5,0
Uthe,Site 4,JulyAugust,23,Oxeye sunflower,71.5,8/22/2020,0,0,1,0,Yellow,Native,71.5,0
Uthe,Site 4,JulyAugust,23,Oxeye sunflower,71.5,8/29/2020,0,0,1,0,Yellow,Native,71.5,0
Jesse,Site 3,JulyAugust,28,Black eyed susan,15,7/6/2020,0,0,1,0,Yellow,Native,15,0
Jesse,Site 3,JulyAugust,28,Black eyed susan,15,7/17/2020,0,0,1,0,Yellow,Native,15,0
Jesse,Site 3,JulyAugust,28,Black eyed susan,15,7/28/2020,0,0,1,0,Yellow,Native,15,0
Jesse,Site 3,JulyAugust,28,Black eyed susan,15,8/7/2020,0,0,1,0,Yellow,Native,15,0
Jesse,Site 3,JulyAugust,28,Black eyed susan,15,8/14/2020,0,0,1,0,Yellow,Native,15,0
Jesse,Site 3,JulyAugust,28,Black eyed susan,15,8/29/2020,0,0,1,0,Yellow,Native,15,0
GM,Site 5,July,18,Queen anne's lace,7.5,7/2/2019,0,0,1,0,White,Non-Native,7.5,0
GM,Site 5,July,18,Queen anne's lace,7.5,7/17/2019,0,0,1,0,White,Non-Native,7.5,0
GM,Site 5,July,18,Queen anne's lace,7.5,7/18/2019,0,0,1,0,White,Non-Native,7.5,0
GM,Site 5,July,18,Queen anne's lace,7.5,7/20/2019,0,0,1,0,White,Non-Native,7.5,0
GM,Site 5,July,18,Queen anne's lace,7.5,7/24/2019,0,0,1,0,White,Non-Native,7.5,0
GM,Site 5,July,18,Queen anne's lace,7.5,7/25/2019,0,0,1,0,White,Non-Native,7.5,0
GM,Site 5,July,18,Queen anne's lace,7.5,7/27/2019,0,0,1,0,White,Non-Native,7.5,0
GM,Site 5,July,18,Queen anne's lace,7.5,7/28/2019,0,0,1,0,White,Non-Native,7.5,0
GM,Site 5,July,18,Queen anne's lace,7.5,8/3/2019,0,0,1,0,White,Non-Native,7.5,0
GM,Site 5,July,18,Queen anne's lace,7.5,8/4/2019,0,0,1,0,White,Non-Native,7.5,0
GM,Site 5,July,18,Queen anne's lace,7.5,8/5/2019,0,0,1,0,White,Non-Native,7.5,0
GM,Site 5,July,18,Queen anne's lace,7.5,8/6/2019,0,0,1,0,White,Non-Native,7.5,0
GM,Site 5,July,18,Queen anne's lace,7.5,8/7/2019,0,0,1,0,White,Non-Native,7.5,0
GM,Site 5,July,18,Queen anne's lace,7.5,8/8/2019,0,0,1,0,White,Non-Native,7.5,0
GM,Site 5,July,18,Queen anne's lace,7.5,8/9/2019,0,0,1,0,White,Non-Native,7.5,0
Barb,Site 1,JulyAugust,2,White clover,2.5,7/6/2020,0,0,1,0,White,Non-Native,2.5,0
Barb,Site 1,JulyAugust,2,White clover,2.5,7/17/2020,0,0,1,0,White,Non-Native,2.5,0
Barb,Site 1,JulyAugust,2,White clover,2.5,7/28/2020,0,0,1,0,White,Non-Native,2.5,0
Boyd,Site 2,JulyAugust,35,Greyheaded coneflower,1317.5,7/2/2020,0,0,1,0,Yellow,Native,1317.5,0
Boyd,Site 2,JulyAugust,35,Greyheaded coneflower,1317.5,7/22/2020,0,0,1,0,Yellow,Native,1317.5,0
Boyd,Site 2,JulyAugust,35,Greyheaded coneflower,1317.5,8/2/2020,1,0.000759013,1.000759013,0.00032951,Yellow,Native,1317.5,1
Jesse,Site 3,JulyAugust,34,Cup plant,1,7/6/2020,0,0,1,0,Yellow,Native,1,0
Jesse,Site 3,JulyAugust,34,Cup plant,1,7/17/2020,0,0,1,0,Yellow,Native,1,0
Jesse,Site 3,JulyAugust,34,Cup plant,1,7/28/2020,0,0,1,0,Yellow,Native,1,0
Jesse,Site 3,JulyAugust,34,Cup plant,1,8/7/2020,0,0,1,0,Yellow,Native,1,0
Jesse,Site 3,JulyAugust,34,Cup plant,1,8/14/2020,2,2,3,0.477121255,Yellow,Native,1,2
Jesse,Site 3,JulyAugust,34,Cup plant,1,8/29/2020,0,0,1,0,Yellow,Native,1,0
GM,Site 5,July,2,White clover,0.071428571,7/2/2019,0,0,1,0,White,Non-Native,0.071428571,0
GM,Site 5,July,2,White clover,0.071428571,7/17/2019,0,0,1,0,White,Non-Native,0.071428571,0
GM,Site 5,July,2,White clover,0.071428571,7/18/2019,0,0,1,0,White,Non-Native,0.071428571,0
GM,Site 5,July,2,White clover,0.071428571,7/20/2019,0,0,1,0,White,Non-Native,0.071428571,0
GM,Site 5,July,2,White clover,0.071428571,7/24/2019,0,0,1,0,White,Non-Native,0.071428571,0
GM,Site 5,July,2,White clover,0.071428571,7/25/2019,0,0,1,0,White,Non-Native,0.071428571,0
GM,Site 5,July,2,White clover,0.071428571,7/27/2019,0,0,1,0,White,Non-Native,0.071428571,0
GM,Site 5,July,2,White clover,0.071428571,7/28/2019,0,0,1,0,White,Non-Native,0.071428571,0
GM,Site 5,July,2,White clover,0.071428571,8/3/2019,0,0,1,0,White,Non-Native,0.071428571,0
GM,Site 5,July,2,White clover,0.071428571,8/4/2019,0,0,1,0,White,Non-Native,0.071428571,0
GM,Site 5,July,2,White clover,0.071428571,8/5/2019,14,196.0000012,197.0000012,2.294466229,White,Non-Native,0.071428571,14
GM,Site 5,July,2,White clover,0.071428571,8/6/2019,0,0,1,0,White,Non-Native,0.071428571,0
GM,Site 5,July,2,White clover,0.071428571,8/7/2019,0,0,1,0,White,Non-Native,0.071428571,0
GM,Site 5,July,2,White clover,0.071428571,8/8/2019,0,0,1,0,White,Non-Native,0.071428571,0
GM,Site 5,July,2,White clover,0.071428571,8/9/2019,0,0,1,0,White,Non-Native,0.071428571,0
AD,Site 6,July,10,White sweet clover,85300,6/24/2020,2,2.34E-05,1.000023447,1.02E-05,White,Non-Native,85300,2
AD,Site 6,July,10,White sweet clover,85300,6/29/2020,0,0,1,0,White,Non-Native,85300,0
AD,Site 6,July,10,White sweet clover,85300,6/30/2020,1,1.17E-05,1.000011723,5.09E-06,White,Non-Native,85300,1
AD,Site 6,July,10,White sweet clover,85300,7/13/2020,0,0,1,0,White,Non-Native,85300,0
AD,Site 6,July,10,White sweet clover,85300,7/16/2020,0,0,1,0,White,Non-Native,85300,0
AD,Site 6,July,10,White sweet clover,85300,7/19/2020,0,0,1,0,White,Non-Native,85300,0
AD,Site 6,July,10,White sweet clover,85300,7/24/2020,0,0,1,0,White,Non-Native,85300,0
AD,Site 6,July,10,White sweet clover,85300,7/27/2020,0,0,1,0,White,Non-Native,85300,0
AD,Site 6,July,10,White sweet clover,85300,7/29/2020,0,0,1,0,White,Non-Native,85300,0
AD,Site 6,July,10,White sweet clover,85300,8/1/2020,0,0,1,0,White,Non-Native,85300,0
AD,Site 6,July,10,White sweet clover,85300,8/4/2020,0,0,1,0,White,Non-Native,85300,0
Jesse,Site 3,JulyAugust,47,Goldenrod,1,7/6/2020,0,0,1,0,Yellow,Native,1,0
Jesse,Site 3,JulyAugust,47,Goldenrod,1,7/17/2020,0,0,1,0,Yellow,Native,1,0
Jesse,Site 3,JulyAugust,47,Goldenrod,1,7/28/2020,0,0,1,0,Yellow,Native,1,0
Jesse,Site 3,JulyAugust,47,Goldenrod,1,8/7/2020,0,0,1,0,Yellow,Native,1,0
Jesse,Site 3,JulyAugust,47,Goldenrod,1,8/14/2020,1,1,2,0.301029996,Yellow,Native,1,1
Jesse,Site 3,JulyAugust,47,Goldenrod,1,8/29/2020,0,0,1,0,Yellow,Native,1,0
AD,Site 6,July,35,Greyheaded coneflower,124,6/24/2020,0,0,1,0,Yellow,Native,124,0
AD,Site 6,July,35,Greyheaded coneflower,124,6/29/2020,0,0,1,0,Yellow,Native,124,0
AD,Site 6,July,35,Greyheaded coneflower,124,6/30/2020,0,0,1,0,Yellow,Native,124,0
AD,Site 6,July,35,Greyheaded coneflower,124,7/13/2020,0,0,1,0,Yellow,Native,124,0
AD,Site 6,July,35,Greyheaded coneflower,124,7/16/2020,0,0,1,0,Yellow,Native,124,0
AD,Site 6,July,35,Greyheaded coneflower,124,7/19/2020,0,0,1,0,Yellow,Native,124,0
AD,Site 6,July,35,Greyheaded coneflower,124,7/24/2020,0,0,1,0,Yellow,Native,124,0
AD,Site 6,July,35,Greyheaded coneflower,124,7/27/2020,0,0,1,0,Yellow,Native,124,0
AD,Site 6,July,35,Greyheaded coneflower,124,7/29/2020,1,0.008064516,1.008064516,0.003488328,Yellow,Native,124,1
AD,Site 6,July,35,Greyheaded coneflower,124,8/1/2020,0,0,1,0,Yellow,Native,124,0
AD,Site 6,July,35,Greyheaded coneflower,124,8/4/2020,0,0,1,0,Yellow,Native,124,0
GM,Site 5,July,10,White sweet clover,4.357142857,7/2/2019,0,0,1,0,White,Non-Native,4.357142857,0
GM,Site 5,July,10,White sweet clover,4.357142857,7/17/2019,0,0,1,0,White,Non-Native,4.357142857,0
GM,Site 5,July,10,White sweet clover,4.357142857,7/18/2019,0,0,1,0,White,Non-Native,4.357142857,0
GM,Site 5,July,10,White sweet clover,4.357142857,7/20/2019,0,0,1,0,White,Non-Native,4.357142857,0
GM,Site 5,July,10,White sweet clover,4.357142857,7/24/2019,0,0,1,0,White,Non-Native,4.357142857,0
GM,Site 5,July,10,White sweet clover,4.357142857,7/25/2019,0,0,1,0,White,Non-Native,4.357142857,0
GM,Site 5,July,10,White sweet clover,4.357142857,7/27/2019,0,0,1,0,White,Non-Native,4.357142857,0
GM,Site 5,July,10,White sweet clover,4.357142857,7/28/2019,0,0,1,0,White,Non-Native,4.357142857,0
GM,Site 5,July,10,White sweet clover,4.357142857,8/3/2019,0,0,1,0,White,Non-Native,4.357142857,0
GM,Site 5,July,10,White sweet clover,4.357142857,8/4/2019,0,0,1,0,White,Non-Native,4.357142857,0
GM,Site 5,July,10,White sweet clover,4.357142857,8/5/2019,0,0,1,0,White,Non-Native,4.357142857,0
GM,Site 5,July,10,White sweet clover,4.357142857,8/6/2019,0,0,1,0,White,Non-Native,4.357142857,0
GM,Site 5,July,10,White sweet clover,4.357142857,8/7/2019,0,0,1,0,White,Non-Native,4.357142857,0
GM,Site 5,July,10,White sweet clover,4.357142857,8/8/2019,0,0,1,0,White,Non-Native,4.357142857,0
GM,Site 5,July,10,White sweet clover,4.357142857,8/9/2019,0,0,1,0,White,Non-Native,4.357142857,0
GM,Site 5,July,28,Black eyed susan,14.57142857,7/2/2019,0,0,1,0,Yellow,Native,14.57142857,0
GM,Site 5,July,28,Black eyed susan,14.57142857,7/17/2019,0,0,1,0,Yellow,Native,14.57142857,0
GM,Site 5,July,28,Black eyed susan,14.57142857,7/18/2019,0,0,1,0,Yellow,Native,14.57142857,0
GM,Site 5,July,28,Black eyed susan,14.57142857,7/20/2019,0,0,1,0,Yellow,Native,14.57142857,0
GM,Site 5,July,28,Black eyed susan,14.57142857,7/24/2019,0,0,1,0,Yellow,Native,14.57142857,0
GM,Site 5,July,28,Black eyed susan,14.57142857,7/25/2019,0,0,1,0,Yellow,Native,14.57142857,0
GM,Site 5,July,28,Black eyed susan,14.57142857,7/27/2019,0,0,1,0,Yellow,Native,14.57142857,0
GM,Site 5,July,28,Black eyed susan,14.57142857,7/28/2019,0,0,1,0,Yellow,Native,14.57142857,0
GM,Site 5,July,28,Black eyed susan,14.57142857,8/3/2019,0,0,1,0,Yellow,Native,14.57142857,0
GM,Site 5,July,28,Black eyed susan,14.57142857,8/4/2019,0,0,1,0,Yellow,Native,14.57142857,0
GM,Site 5,July,28,Black eyed susan,14.57142857,8/5/2019,10,0.68627451,1.68627451,0.226928275,Yellow,Native,14.57142857,10
GM,Site 5,July,28,Black eyed susan,14.57142857,8/6/2019,0,0,1,0,Yellow,Native,14.57142857,0
GM,Site 5,July,28,Black eyed susan,14.57142857,8/7/2019,0,0,1,0,Yellow,Native,14.57142857,0
GM,Site 5,July,28,Black eyed susan,14.57142857,8/8/2019,0,0,1,0,Yellow,Native,14.57142857,0
GM,Site 5,July,28,Black eyed susan,14.57142857,8/9/2019,0,0,1,0,Yellow,Native,14.57142857,0
Barb,Site 1,JulyAugust,47,Goldenrod,2.5,7/6/2020,0,0,1,0,Yellow,Native,2.5,0
Barb,Site 1,JulyAugust,47,Goldenrod,2.5,7/17/2020,0,0,1,0,Yellow,Native,2.5,0
Barb,Site 1,JulyAugust,47,Goldenrod,2.5,7/28/2020,0,0,1,0,Yellow,Native,2.5,0
GM,Site 5,July,29,Brown eyed susan,98.64285714,7/2/2019,0,0,1,0,Yellow,Native,98.64285714,0
GM,Site 5,July,29,Brown eyed susan,98.64285714,7/17/2019,0,0,1,0,Yellow,Native,98.64285714,0
GM,Site 5,July,29,Brown eyed susan,98.64285714,7/18/2019,0,0,1,0,Yellow,Native,98.64285714,0
GM,Site 5,July,29,Brown eyed susan,98.64285714,7/20/2019,0,0,1,0,Yellow,Native,98.64285714,0
GM,Site 5,July,29,Brown eyed susan,98.64285714,7/24/2019,0,0,1,0,Yellow,Native,98.64285714,0
GM,Site 5,July,29,Brown eyed susan,98.64285714,7/25/2019,0,0,1,0,Yellow,Native,98.64285714,0
GM,Site 5,July,29,Brown eyed susan,98.64285714,7/27/2019,0,0,1,0,Yellow,Native,98.64285714,0
GM,Site 5,July,29,Brown eyed susan,98.64285714,7/28/2019,0,0,1,0,Yellow,Native,98.64285714,0
GM,Site 5,July,29,Brown eyed susan,98.64285714,8/3/2019,0,0,1,0,Yellow,Native,98.64285714,0
GM,Site 5,July,29,Brown eyed susan,98.64285714,8/4/2019,0,0,1,0,Yellow,Native,98.64285714,0
GM,Site 5,July,29,Brown eyed susan,98.64285714,8/5/2019,0,0,1,0,Yellow,Native,98.64285714,0
GM,Site 5,July,29,Brown eyed susan,98.64285714,8/6/2019,0,0,1,0,Yellow,Native,98.64285714,0
GM,Site 5,July,29,Brown eyed susan,98.64285714,8/7/2019,0,0,1,0,Yellow,Native,98.64285714,0
GM,Site 5,July,29,Brown eyed susan,98.64285714,8/8/2019,0,0,1,0,Yellow,Native,98.64285714,0
GM,Site 5,July,29,Brown eyed susan,98.64285714,8/9/2019,0,0,1,0,Yellow,Native,98.64285714,0
AD,Site 6,July,23,Oxeye sunflower,17,6/24/2020,0,0,1,0,Yellow,Native,17,0
AD,Site 6,July,23,Oxeye sunflower,17,6/29/2020,0,0,1,0,Yellow,Native,17,0
AD,Site 6,July,23,Oxeye sunflower,17,6/30/2020,2,0.117647059,1.117647059,0.04830468,Yellow,Native,17,2
AD,Site 6,July,23,Oxeye sunflower,17,7/13/2020,0,0,1,0,Yellow,Native,17,0
AD,Site 6,July,23,Oxeye sunflower,17,7/16/2020,0,0,1,0,Yellow,Native,17,0
AD,Site 6,July,23,Oxeye sunflower,17,7/19/2020,0,0,1,0,Yellow,Native,17,0
AD,Site 6,July,23,Oxeye sunflower,17,7/24/2020,0,0,1,0,Yellow,Native,17,0
AD,Site 6,July,23,Oxeye sunflower,17,7/27/2020,0,0,1,0,Yellow,Native,17,0
AD,Site 6,July,23,Oxeye sunflower,17,7/29/2020,0,0,1,0,Yellow,Native,17,0
AD,Site 6,July,23,Oxeye sunflower,17,8/1/2020,0,0,1,0,Yellow,Native,17,0
AD,Site 6,July,23,Oxeye sunflower,17,8/4/2020,0,0,1,0,Yellow,Native,17,0
Jesse,Site 3,JulyAugust,35,Greyheaded coneflower,89,7/6/2020,0,0,1,0,Yellow,Native,89,0
Jesse,Site 3,JulyAugust,35,Greyheaded coneflower,89,7/17/2020,0,0,1,0,Yellow,Native,89,0
Jesse,Site 3,JulyAugust,35,Greyheaded coneflower,89,7/28/2020,0,0,1,0,Yellow,Native,89,0
Jesse,Site 3,JulyAugust,35,Greyheaded coneflower,89,8/7/2020,1,0.011235955,1.011235955,0.004852503,Yellow,Native,89,1
Jesse,Site 3,JulyAugust,35,Greyheaded coneflower,89,8/14/2020,0,0,1,0,Yellow,Native,89,0
Jesse,Site 3,JulyAugust,35,Greyheaded coneflower,89,8/29/2020,0,0,1,0,Yellow,Native,89,0
GM,Site 5,July,42,Canada lettuce,0.285714286,7/2/2019,0,0,1,0,Yellow,Native,0.285714286,0
GM,Site 5,July,42,Canada lettuce,0.285714286,7/17/2019,0,0,1,0,Yellow,Native,0.285714286,0
GM,Site 5,July,42,Canada lettuce,0.285714286,7/18/2019,0,0,1,0,Yellow,Native,0.285714286,0
GM,Site 5,July,42,Canada lettuce,0.285714286,7/20/2019,0,0,1,0,Yellow,Native,0.285714286,0
GM,Site 5,July,42,Canada lettuce,0.285714286,7/24/2019,0,0,1,0,Yellow,Native,0.285714286,0
GM,Site 5,July,42,Canada lettuce,0.285714286,7/25/2019,0,0,1,0,Yellow,Native,0.285714286,0
GM,Site 5,July,42,Canada lettuce,0.285714286,7/27/2019,0,0,1,0,Yellow,Native,0.285714286,0
GM,Site 5,July,42,Canada lettuce,0.285714286,7/28/2019,0,0,1,0,Yellow,Native,0.285714286,0
GM,Site 5,July,42,Canada lettuce,0.285714286,8/3/2019,0,0,1,0,Yellow,Native,0.285714286,0
GM,Site 5,July,42,Canada lettuce,0.285714286,8/4/2019,0,0,1,0,Yellow,Native,0.285714286,0
GM,Site 5,July,42,Canada lettuce,0.285714286,8/5/2019,0,0,1,0,Yellow,Native,0.285714286,0
GM,Site 5,July,42,Canada lettuce,0.285714286,8/6/2019,0,0,1,0,Yellow,Native,0.285714286,0
GM,Site 5,July,42,Canada lettuce,0.285714286,8/7/2019,0,0,1,0,Yellow,Native,0.285714286,0
GM,Site 5,July,42,Canada lettuce,0.285714286,8/8/2019,0,0,1,0,Yellow,Native,0.285714286,0
GM,Site 5,July,42,Canada lettuce,0.285714286,8/9/2019,0,0,1,0,Yellow,Native,0.285714286,0
AD,Site 6,July,11,Dandelion,1,6/24/2020,0,0,1,0,Yellow,Non-Native,1,0
AD,Site 6,July,11,Dandelion,1,6/29/2020,17,17,18,1.255272505,Yellow,Non-Native,1,17
AD,Site 6,July,11,Dandelion,1,6/30/2020,0,0,1,0,Yellow,Non-Native,1,0
AD,Site 6,July,11,Dandelion,1,7/13/2020,0,0,1,0,Yellow,Non-Native,1,0
AD,Site 6,July,11,Dandelion,1,7/16/2020,0,0,1,0,Yellow,Non-Native,1,0
AD,Site 6,July,11,Dandelion,1,7/19/2020,0,0,1,0,Yellow,Non-Native,1,0
AD,Site 6,July,11,Dandelion,1,7/24/2020,0,0,1,0,Yellow,Non-Native,1,0
AD,Site 6,July,11,Dandelion,1,7/27/2020,0,0,1,0,Yellow,Non-Native,1,0
AD,Site 6,July,11,Dandelion,1,7/29/2020,0,0,1,0,Yellow,Non-Native,1,0
AD,Site 6,July,11,Dandelion,1,8/1/2020,0,0,1,0,Yellow,Non-Native,1,0
AD,Site 6,July,11,Dandelion,1,8/4/2020,0,0,1,0,Yellow,Non-Native,1,0
Barb,Site 1,JulyAugust,35,Greyheaded coneflower,231.5,7/6/2020,0,0,1,0,Yellow,Native,231.5,0
Barb,Site 1,JulyAugust,35,Greyheaded coneflower,231.5,7/17/2020,6,0.025917927,1.025917927,0.011112619,Yellow,Native,231.5,6
Barb,Site 1,JulyAugust,35,Greyheaded coneflower,231.5,7/28/2020,3,0.012958963,1.012958963,0.005591852,Yellow,Native,231.5,3
GM,Site 5,July,25,Common evening primrose,0.142857143,7/2/2019,0,0,1,0,Yellow,Native,0.142857143,0
GM,Site 5,July,25,Common evening primrose,0.142857143,7/17/2019,0,0,1,0,Yellow,Native,0.142857143,0
GM,Site 5,July,25,Common evening primrose,0.142857143,7/18/2019,0,0,1,0,Yellow,Native,0.142857143,0
GM,Site 5,July,25,Common evening primrose,0.142857143,7/20/2019,0,0,1,0,Yellow,Native,0.142857143,0
GM,Site 5,July,25,Common evening primrose,0.142857143,7/24/2019,0,0,1,0,Yellow,Native,0.142857143,0
GM,Site 5,July,25,Common evening primrose,0.142857143,7/25/2019,0,0,1,0,Yellow,Native,0.142857143,0
GM,Site 5,July,25,Common evening primrose,0.142857143,7/27/2019,0,0,1,0,Yellow,Native,0.142857143,0
GM,Site 5,July,25,Common evening primrose,0.142857143,7/28/2019,0,0,1,0,Yellow,Native,0.142857143,0
GM,Site 5,July,25,Common evening primrose,0.142857143,8/3/2019,0,0,1,0,Yellow,Native,0.142857143,0
GM,Site 5,July,25,Common evening primrose,0.142857143,8/4/2019,0,0,1,0,Yellow,Native,0.142857143,0
GM,Site 5,July,25,Common evening primrose,0.142857143,8/5/2019,0,0,1,0,Yellow,Native,0.142857143,0
GM,Site 5,July,25,Common evening primrose,0.142857143,8/6/2019,0,0,1,0,Yellow,Native,0.142857143,0
GM,Site 5,July,25,Common evening primrose,0.142857143,8/7/2019,0,0,1,0,Yellow,Native,0.142857143,0
GM,Site 5,July,25,Common evening primrose,0.142857143,8/8/2019,0,0,1,0,Yellow,Native,0.142857143,0
GM,Site 5,July,25,Common evening primrose,0.142857143,8/9/2019,0,0,1,0,Yellow,Native,0.142857143,0
Barb,Site 1,JulyAugust,37,Partridge pea,1230.5,7/6/2020,0,0,1,0,Yellow,Native,1230.5,0
Barb,Site 1,JulyAugust,37,Partridge pea,1230.5,7/17/2020,0,0,1,0,Yellow,Native,1230.5,0
Barb,Site 1,JulyAugust,37,Partridge pea,1230.5,7/28/2020,0,0,1,0,Yellow,Native,1230.5,0
Boyd,Site 2,JulyAugust,23,Oxeye sunflower,1492.5,7/2/2020,7,0.004690117,1.004690117,0.00203213,Yellow,Native,1492.5,7
Boyd,Site 2,JulyAugust,23,Oxeye sunflower,1492.5,7/22/2020,2,0.001340034,1.001340034,0.00058158,Yellow,Native,1492.5,2
Boyd,Site 2,JulyAugust,23,Oxeye sunflower,1492.5,8/2/2020,1,0.000670017,1.000670017,0.000290887,Yellow,Native,1492.5,1
Jesse,Site 3,JulyAugust,23,Oxeye sunflower,96,7/6/2020,0,0,1,0,Yellow,Native,96,0
Jesse,Site 3,JulyAugust,23,Oxeye sunflower,96,7/17/2020,1,0.010416667,1.010416667,0.004500501,Yellow,Native,96,1
Jesse,Site 3,JulyAugust,23,Oxeye sunflower,96,7/28/2020,0,0,1,0,Yellow,Native,96,0
Jesse,Site 3,JulyAugust,23,Oxeye sunflower,96,8/7/2020,0,0,1,0,Yellow,Native,96,0
Jesse,Site 3,JulyAugust,23,Oxeye sunflower,96,8/14/2020,6,0.0625,1.0625,0.026328939,Yellow,Native,96,6
Jesse,Site 3,JulyAugust,23,Oxeye sunflower,96,8/29/2020,8,0.083333333,1.083333333,0.034762106,Yellow,Native,96,8
Uthe,Site 4,JulyAugust,37,Partridge pea,7.5,7/2/2020,0,0,1,0,Yellow,Native,7.5,0
Uthe,Site 4,JulyAugust,37,Partridge pea,7.5,7/12/2020,0,0,1,0,Yellow,Native,7.5,0
Uthe,Site 4,JulyAugust,37,Partridge pea,7.5,7/22/2020,0,0,1,0,Yellow,Native,7.5,0
Uthe,Site 4,JulyAugust,37,Partridge pea,7.5,8/2/2020,0,0,1,0,Yellow,Native,7.5,0
Uthe,Site 4,JulyAugust,37,Partridge pea,7.5,8/22/2020,0,0,1,0,Yellow,Native,7.5,0
Uthe,Site 4,JulyAugust,37,Partridge pea,7.5,8/29/2020,0,0,1,0,Yellow,Native,7.5,0
GM,Site 5,July,35,Greyheaded coneflower,86.5,7/2/2019,0,0,1,0,Yellow,Native,86.5,0
GM,Site 5,July,35,Greyheaded coneflower,86.5,7/17/2019,0,0,1,0,Yellow,Native,86.5,0
GM,Site 5,July,35,Greyheaded coneflower,86.5,7/18/2019,0,0,1,0,Yellow,Native,86.5,0
GM,Site 5,July,35,Greyheaded coneflower,86.5,7/20/2019,0,0,1,0,Yellow,Native,86.5,0
GM,Site 5,July,35,Greyheaded coneflower,86.5,7/24/2019,0,0,1,0,Yellow,Native,86.5,0
GM,Site 5,July,35,Greyheaded coneflower,86.5,7/25/2019,0,0,1,0,Yellow,Native,86.5,0
GM,Site 5,July,35,Greyheaded coneflower,86.5,7/27/2019,0,0,1,0,Yellow,Native,86.5,0
GM,Site 5,July,35,Greyheaded coneflower,86.5,7/28/2019,0,0,1,0,Yellow,Native,86.5,0
GM,Site 5,July,35,Greyheaded coneflower,86.5,8/3/2019,0,0,1,0,Yellow,Native,86.5,0
GM,Site 5,July,35,Greyheaded coneflower,86.5,8/4/2019,0,0,1,0,Yellow,Native,86.5,0
GM,Site 5,July,35,Greyheaded coneflower,86.5,8/5/2019,0,0,1,0,Yellow,Native,86.5,0
GM,Site 5,July,35,Greyheaded coneflower,86.5,8/6/2019,0,0,1,0,Yellow,Native,86.5,0
GM,Site 5,July,35,Greyheaded coneflower,86.5,8/7/2019,0,0,1,0,Yellow,Native,86.5,0
GM,Site 5,July,35,Greyheaded coneflower,86.5,8/8/2019,0,0,1,0,Yellow,Native,86.5,0
GM,Site 5,July,35,Greyheaded coneflower,86.5,8/9/2019,2,0.023121387,1.023121387,0.009927163,Yellow,Native,86.5,2
AD,Site 6,July,26,St. john's wort,5,6/24/2020,0,0,1,0,Yellow,Non-Native,5,0
AD,Site 6,July,26,St. john's wort,5,6/29/2020,0,0,1,0,Yellow,Non-Native,5,0
AD,Site 6,July,26,St. john's wort,5,6/30/2020,0,0,1,0,Yellow,Non-Native,5,0
AD,Site 6,July,26,St. john's wort,5,7/13/2020,0,0,1,0,Yellow,Non-Native,5,0
AD,Site 6,July,26,St. john's wort,5,7/16/2020,0,0,1,0,Yellow,Non-Native,5,0
AD,Site 6,July,26,St. john's wort,5,7/19/2020,0,0,1,0,Yellow,Non-Native,5,0
AD,Site 6,July,26,St. john's wort,5,7/24/2020,0,0,1,0,Yellow,Non-Native,5,0
AD,Site 6,July,26,St. john's wort,5,7/27/2020,0,0,1,0,Yellow,Non-Native,5,0
AD,Site 6,July,26,St. john's wort,5,7/29/2020,0,0,1,0,Yellow,Non-Native,5,0
AD,Site 6,July,26,St. john's wort,5,8/1/2020,0,0,1,0,Yellow,Non-Native,5,0
AD,Site 6,July,26,St. john's wort,5,8/4/2020,0,0,1,0,Yellow,Non-Native,5,0
GM,Site 5,July,23,Oxeye sunflower,8.714285714,7/2/2019,0,0,1,0,Yellow,Native,8.714285714,0
GM,Site 5,July,23,Oxeye sunflower,8.714285714,7/17/2019,4,0.459016393,1.459016393,0.164060172,Yellow,Native,8.714285714,4
GM,Site 5,July,23,Oxeye sunflower,8.714285714,7/18/2019,0,0,1,0,Yellow,Native,8.714285714,0
GM,Site 5,July,23,Oxeye sunflower,8.714285714,7/20/2019,4,0.459016393,1.459016393,0.164060172,Yellow,Native,8.714285714,4
GM,Site 5,July,23,Oxeye sunflower,8.714285714,7/24/2019,0,0,1,0,Yellow,Native,8.714285714,0
GM,Site 5,July,23,Oxeye sunflower,8.714285714,7/25/2019,0,0,1,0,Yellow,Native,8.714285714,0
GM,Site 5,July,23,Oxeye sunflower,8.714285714,7/27/2019,0,0,1,0,Yellow,Native,8.714285714,0
GM,Site 5,July,23,Oxeye sunflower,8.714285714,7/28/2019,0,0,1,0,Yellow,Native,8.714285714,0
GM,Site 5,July,23,Oxeye sunflower,8.714285714,8/3/2019,0,0,1,0,Yellow,Native,8.714285714,0
GM,Site 5,July,23,Oxeye sunflower,8.714285714,8/4/2019,0,0,1,0,Yellow,Native,8.714285714,0
GM,Site 5,July,23,Oxeye sunflower,8.714285714,8/5/2019,0,0,1,0,Yellow,Native,8.714285714,0
GM,Site 5,July,23,Oxeye sunflower,8.714285714,8/6/2019,0,0,1,0,Yellow,Native,8.714285714,0
GM,Site 5,July,23,Oxeye sunflower,8.714285714,8/7/2019,0,0,1,0,Yellow,Native,8.714285714,0
GM,Site 5,July,23,Oxeye sunflower,8.714285714,8/8/2019,0,0,1,0,Yellow,Native,8.714285714,0
GM,Site 5,July,23,Oxeye sunflower,8.714285714,8/9/2019,0,0,1,0,Yellow,Native,8.714285714,0
Jesse,Site 3,JulyAugust,37,Partridge pea,7.5,7/6/2020,0,0,1,0,Yellow,Native,7.5,0
Jesse,Site 3,JulyAugust,37,Partridge pea,7.5,7/17/2020,0,0,1,0,Yellow,Native,7.5,0
Jesse,Site 3,JulyAugust,37,Partridge pea,7.5,7/28/2020,0,0,1,0,Yellow,Native,7.5,0
Jesse,Site 3,JulyAugust,37,Partridge pea,7.5,8/7/2020,0,0,1,0,Yellow,Native,7.5,0
Jesse,Site 3,JulyAugust,37,Partridge pea,7.5,8/14/2020,0,0,1,0,Yellow,Native,7.5,0
Jesse,Site 3,JulyAugust,37,Partridge pea,7.5,8/29/2020,0,0,1,0,Yellow,Native,7.5,0
GM,Site 5,July,4,Wild parsnip,16.28571429,7/2/2019,0,0,1,0,Yellow,Non-Native,16.28571429,0
GM,Site 5,July,4,Wild parsnip,16.28571429,7/17/2019,0,0,1,0,Yellow,Non-Native,16.28571429,0
GM,Site 5,July,4,Wild parsnip,16.28571429,7/18/2019,0,0,1,0,Yellow,Non-Native,16.28571429,0
GM,Site 5,July,4,Wild parsnip,16.28571429,7/20/2019,0,0,1,0,Yellow,Non-Native,16.28571429,0
GM,Site 5,July,4,Wild parsnip,16.28571429,7/24/2019,0,0,1,0,Yellow,Non-Native,16.28571429,0
GM,Site 5,July,4,Wild parsnip,16.28571429,7/25/2019,0,0,1,0,Yellow,Non-Native,16.28571429,0
GM,Site 5,July,4,Wild parsnip,16.28571429,7/27/2019,0,0,1,0,Yellow,Non-Native,16.28571429,0
GM,Site 5,July,4,Wild parsnip,16.28571429,7/28/2019,0,0,1,0,Yellow,Non-Native,16.28571429,0
GM,Site 5,July,4,Wild parsnip,16.28571429,8/3/2019,0,0,1,0,Yellow,Non-Native,16.28571429,0
GM,Site 5,July,4,Wild parsnip,16.28571429,8/4/2019,0,0,1,0,Yellow,Non-Native,16.28571429,0
GM,Site 5,July,4,Wild parsnip,16.28571429,8/5/2019,0,0,1,0,Yellow,Non-Native,16.28571429,0
GM,Site 5,July,4,Wild parsnip,16.28571429,8/6/2019,0,0,1,0,Yellow,Non-Native,16.28571429,0
GM,Site 5,July,4,Wild parsnip,16.28571429,8/7/2019,0,0,1,0,Yellow,Non-Native,16.28571429,0
GM,Site 5,July,4,Wild parsnip,16.28571429,8/8/2019,0,0,1,0,Yellow,Non-Native,16.28571429,0
GM,Site 5,July,4,Wild parsnip,16.28571429,8/9/2019,0,0,1,0,Yellow,Non-Native,16.28571429,0
AD,Site 6,July,9,Yellow sweet clover,2330,6/24/2020,0,0,1,0,Yellow,Non-Native,2330,0
AD,Site 6,July,9,Yellow sweet clover,2330,6/29/2020,0,0,1,0,Yellow,Non-Native,2330,0
AD,Site 6,July,9,Yellow sweet clover,2330,6/30/2020,0,0,1,0,Yellow,Non-Native,2330,0
AD,Site 6,July,9,Yellow sweet clover,2330,7/13/2020,0,0,1,0,Yellow,Non-Native,2330,0
AD,Site 6,July,9,Yellow sweet clover,2330,7/16/2020,0,0,1,0,Yellow,Non-Native,2330,0
AD,Site 6,July,9,Yellow sweet clover,2330,7/19/2020,0,0,1,0,Yellow,Non-Native,2330,0
AD,Site 6,July,9,Yellow sweet clover,2330,7/24/2020,0,0,1,0,Yellow,Non-Native,2330,0
AD,Site 6,July,9,Yellow sweet clover,2330,7/27/2020,0,0,1,0,Yellow,Non-Native,2330,0
AD,Site 6,July,9,Yellow sweet clover,2330,7/29/2020,0,0,1,0,Yellow,Non-Native,2330,0
AD,Site 6,July,9,Yellow sweet clover,2330,8/1/2020,0,0,1,0,Yellow,Non-Native,2330,0
AD,Site 6,July,9,Yellow sweet clover,2330,8/4/2020,0,0,1,0,Yellow,Non-Native,2330,0
